"","artists_raw","names","artist_url"
"1","/9piece","9piece","http://www.kenyans.co.ke/9piece"
"2","/aaron-rimbui","aaron rimbui","http://www.kenyans.co.ke/aaron-rimbui"
"3","/abbas","abbas","http://www.kenyans.co.ke/abbas"
"4","/abby","abby","http://www.kenyans.co.ke/abby"
"5","/abeddy-ngosso","abeddy ngosso","http://www.kenyans.co.ke/abeddy-ngosso"
"6","/accurate","accurate","http://www.kenyans.co.ke/accurate"
"7","/ace","ace","http://www.kenyans.co.ke/ace"
"8","/ace-tha-don","ace tha don","http://www.kenyans.co.ke/ace-tha-don"
"9","/achieng-abura","achieng abura","http://www.kenyans.co.ke/achieng-abura"
"10","/acie-muiruri","acie muiruri","http://www.kenyans.co.ke/acie-muiruri"
"11","/adawnage-band","adawnage band","http://www.kenyans.co.ke/adawnage-band"
"12","/adelle-onyango","adelle onyango","http://www.kenyans.co.ke/adelle-onyango"
"13","/ado","ado","http://www.kenyans.co.ke/ado"
"14","/advokate","advokate","http://www.kenyans.co.ke/advokate"
"15","/afrodess","afrodess","http://www.kenyans.co.ke/afrodess"
"16","/agano","agano","http://www.kenyans.co.ke/agano"
"17","/agwata","agwata","http://www.kenyans.co.ke/agwata"
"18","/aime-mbumba","aime mbumba","http://www.kenyans.co.ke/aime-mbumba"
"19","/akala","akala","http://www.kenyans.co.ke/akala"
"20","/akonga","akonga","http://www.kenyans.co.ke/akonga"
"21","/akothee","akothee","http://www.kenyans.co.ke/akothee"
"22","/ala-c","ala c","http://www.kenyans.co.ke/ala-c"
"23","/albert-shehi","albert shehi","http://www.kenyans.co.ke/albert-shehi"
"24","/alemba","alemba","http://www.kenyans.co.ke/alemba"
"25","/alex-kasau","alex kasau","http://www.kenyans.co.ke/alex-kasau"
"26","/alex-woud-chinga","alex woud chinga","http://www.kenyans.co.ke/alex-woud-chinga"
"27","/alice-bram","alice bram","http://www.kenyans.co.ke/alice-bram"
"28","/alice-kamande","alice kamande","http://www.kenyans.co.ke/alice-kamande"
"29","/alice-kimanzi","alice kimanzi","http://www.kenyans.co.ke/alice-kimanzi"
"30","/alindi","alindi","http://www.kenyans.co.ke/alindi"
"31","/alisha-popat","alisha popat","http://www.kenyans.co.ke/alisha-popat"
"32","/allahola","allahola","http://www.kenyans.co.ke/allahola"
"33","/allan-aaron","allan aaron","http://www.kenyans.co.ke/allan-aaron"
"34","/allan-mbaki","allan mbaki","http://www.kenyans.co.ke/allan-mbaki"
"35","/ally-b","ally b","http://www.kenyans.co.ke/ally-b"
"36","/alpha-fakoly","alpha fakoly","http://www.kenyans.co.ke/alpha-fakoly"
"37","/alpha-msanii","alpha msanii","http://www.kenyans.co.ke/alpha-msanii"
"38","/alphabet","alphabet","http://www.kenyans.co.ke/alphabet"
"39","/alphonce-kioko","alphonce kioko","http://www.kenyans.co.ke/alphonce-kioko"
"40","/altarmin-dancers","altarmin dancers","http://www.kenyans.co.ke/altarmin-dancers"
"41","/alvo","alvo","http://www.kenyans.co.ke/alvo"
"42","/amani","amani","http://www.kenyans.co.ke/amani"
"43","/amani-ps","amani ps","http://www.kenyans.co.ke/amani-ps"
"44","/ameru-crew","ameru crew","http://www.kenyans.co.ke/ameru-crew"
"45","/amileena","amileena","http://www.kenyans.co.ke/amileena"
"46","/amina","amina","http://www.kenyans.co.ke/amina"
"47","/amos","amos","http://www.kenyans.co.ke/amos"
"48","/amos-and-josh","amos and josh","http://www.kenyans.co.ke/amos-and-josh"
"49","/amos-mungai","amos mungai","http://www.kenyans.co.ke/amos-mungai"
"50","/amoury-beybe","amoury beybe","http://www.kenyans.co.ke/amoury-beybe"
"51","/anastasia-j","anastasia j","http://www.kenyans.co.ke/anastasia-j"
"52","/andrew-siokino","andrew siokino","http://www.kenyans.co.ke/andrew-siokino"
"53","/angel","angel","http://www.kenyans.co.ke/angel"
"54","/angela-ndambuki","angela ndambuki","http://www.kenyans.co.ke/angela-ndambuki"
"55","/ankorkigoh","ankorkigoh","http://www.kenyans.co.ke/ankorkigoh"
"56","/ann-kariuki","ann kariuki","http://www.kenyans.co.ke/ann-kariuki"
"57","/ann-vutagwa","ann vutagwa","http://www.kenyans.co.ke/ann-vutagwa"
"58","/ann-wanyama","ann wanyama","http://www.kenyans.co.ke/ann-wanyama"
"59","/anne-muratha","anne muratha","http://www.kenyans.co.ke/anne-muratha"
"60","/anne-otieno","anne otieno","http://www.kenyans.co.ke/anne-otieno"
"61","/annette-tenaya","annette tenaya","http://www.kenyans.co.ke/annette-tenaya"
"62","/annie-kimani","annie kimani","http://www.kenyans.co.ke/annie-kimani"
"63","/anthony-maina-githinji","anthony maina githinji","http://www.kenyans.co.ke/anthony-maina-githinji"
"64","/anto-neosoul","anto neosoul","http://www.kenyans.co.ke/anto-neosoul"
"65","/antonio-muziqal","antonio muziqal","http://www.kenyans.co.ke/antonio-muziqal"
"66","/apostle-rukih-moses","apostle rukih moses","http://www.kenyans.co.ke/apostle-rukih-moses"
"67","/asista","asista","http://www.kenyans.co.ke/asista"
"68","/astar","astar","http://www.kenyans.co.ke/astar"
"69","/atemi-oyungu","atemi oyungu","http://www.kenyans.co.ke/atemi-oyungu"
"70","/atomy-sifa","atomy sifa","http://www.kenyans.co.ke/atomy-sifa"
"71","/avril","avril","http://www.kenyans.co.ke/avril"
"72","/ayango-nyanango","ayango nyanango","http://www.kenyans.co.ke/ayango-nyanango"
"73","/ayzzoh-levite","ayzzoh levite","http://www.kenyans.co.ke/ayzzoh-levite"
"74","/bmg","bmg","http://www.kenyans.co.ke/bmg"
"75","/b2-shan","b2 shan","http://www.kenyans.co.ke/b2-shan"
"76","/b4c","b4c","http://www.kenyans.co.ke/b4c"
"77","/baby-j-nyambs","baby j nyambs","http://www.kenyans.co.ke/baby-j-nyambs"
"78","/baby-t","baby t","http://www.kenyans.co.ke/baby-t"
"79","/bahati","bahati","http://www.kenyans.co.ke/bahati"
"80","/baino","baino","http://www.kenyans.co.ke/baino"
"81","/balozi-phani","balozi phani","http://www.kenyans.co.ke/balozi-phani"
"82","/bamba-kbo","bamba kbo","http://www.kenyans.co.ke/bamba-kbo"
"83","/bamba-50","bamba 50","http://www.kenyans.co.ke/bamba-50"
"84","/bamboo","bamboo","http://www.kenyans.co.ke/bamboo"
"85","/bamdogo-zeze","bamdogo zeze","http://www.kenyans.co.ke/bamdogo-zeze"
"86","/bamzigi","bamzigi","http://www.kenyans.co.ke/bamzigi"
"87","/bantu","bantu","http://www.kenyans.co.ke/bantu"
"88","/barak-jacuzzi","barak jacuzzi","http://www.kenyans.co.ke/barak-jacuzzi"
"89","/barbra-b","barbra b","http://www.kenyans.co.ke/barbra-b"
"90","/bardizzo-b-izzy","bardizzo b izzy","http://www.kenyans.co.ke/bardizzo-b-izzy"
"91","/bari-bonds","bari bonds","http://www.kenyans.co.ke/bari-bonds"
"92","/bary","bary","http://www.kenyans.co.ke/bary"
"93","/bazooqa","bazooqa","http://www.kenyans.co.ke/bazooqa"
"94","/beatrice-wangui","beatrice wangui","http://www.kenyans.co.ke/beatrice-wangui"
"95","/becky-m","becky m","http://www.kenyans.co.ke/becky-m"
"96","/bee-hum","bee hum","http://www.kenyans.co.ke/bee-hum"
"97","/bellary-classic","bellary classic","http://www.kenyans.co.ke/bellary-classic"
"98","/ben-githae","ben githae","http://www.kenyans.co.ke/ben-githae"
"99","/ben-butali","ben butali","http://www.kenyans.co.ke/ben-butali"
"100","/ben-kariuki","ben kariuki","http://www.kenyans.co.ke/ben-kariuki"
"101","/benachi","benachi","http://www.kenyans.co.ke/benachi"
"102","/benady","benady","http://www.kenyans.co.ke/benady"
"103","/benja","benja","http://www.kenyans.co.ke/benja"
"104","/benjamin-kabaseke","benjamin kabaseke","http://www.kenyans.co.ke/benjamin-kabaseke"
"105","/benjamin-mutai","benjamin mutai","http://www.kenyans.co.ke/benjamin-mutai"
"106","/bern","bern","http://www.kenyans.co.ke/bern"
"107","/berry-black","berry black","http://www.kenyans.co.ke/berry-black"
"108","/betty-bayo","betty bayo","http://www.kenyans.co.ke/betty-bayo"
"109","/bic","bic","http://www.kenyans.co.ke/bic"
"110","/bidan","bidan","http://www.kenyans.co.ke/bidan"
"111","/bien","bien","http://www.kenyans.co.ke/bien"
"112","/big-pin","big pin","http://www.kenyans.co.ke/big-pin"
"113","/bigsoul","bigsoul","http://www.kenyans.co.ke/bigsoul"
"114","/biko","biko","http://www.kenyans.co.ke/biko"
"115","/billy-frank","billy frank","http://www.kenyans.co.ke/billy-frank"
"116","/bire","bire","http://www.kenyans.co.ke/bire"
"117","/bishop","bishop","http://www.kenyans.co.ke/bishop"
"118","/bishop-ben-bahati","bishop ben bahati","http://www.kenyans.co.ke/bishop-ben-bahati"
"119","/bishop-pius-muiru","bishop pius muiru","http://www.kenyans.co.ke/bishop-pius-muiru"
"120","/biyaki","biyaki","http://www.kenyans.co.ke/biyaki"
"121","/bizill","bizill","http://www.kenyans.co.ke/bizill"
"122","/blaqy","blaqy","http://www.kenyans.co.ke/blaqy"
"123","/blessed-jo","blessed jo","http://www.kenyans.co.ke/blessed-jo"
"124","/bmf","bmf","http://www.kenyans.co.ke/bmf"
"125","/bob-mbithi","bob mbithi","http://www.kenyans.co.ke/bob-mbithi"
"126","/bob-t","bob t","http://www.kenyans.co.ke/bob-t"
"127","/bobby","bobby","http://www.kenyans.co.ke/bobby"
"128","/bobby-mapesa","bobby mapesa","http://www.kenyans.co.ke/bobby-mapesa"
"129","/bobby-slic","bobby slic","http://www.kenyans.co.ke/bobby-slic"
"130","/bokole-boys","bokole boys","http://www.kenyans.co.ke/bokole-boys"
"131","/boneye","boneye","http://www.kenyans.co.ke/boneye"
"132","/bonny-muhali","bonny muhali","http://www.kenyans.co.ke/bonny-muhali"
"133","/boomba-clan","boomba clan","http://www.kenyans.co.ke/boomba-clan"
"134","/boony-mosh","boony mosh","http://www.kenyans.co.ke/boony-mosh"
"135","/boss-thee-mog","boss thee mog","http://www.kenyans.co.ke/boss-thee-mog"
"136","/brayo","brayo","http://www.kenyans.co.ke/brayo"
"137","/brian-chweya","brian chweya","http://www.kenyans.co.ke/brian-chweya"
"138","/brian-king","brian king","http://www.kenyans.co.ke/brian-king"
"139","/broki","broki","http://www.kenyans.co.ke/broki"
"140","/bronzeh","bronzeh","http://www.kenyans.co.ke/bronzeh"
"141","/brotherhood","brotherhood","http://www.kenyans.co.ke/brotherhood"
"142","/broulax","broulax","http://www.kenyans.co.ke/broulax"
"143","/brown-mauzo","brown mauzo","http://www.kenyans.co.ke/brown-mauzo"
"144","/bubbah","bubbah","http://www.kenyans.co.ke/bubbah"
"145","/bunjo","bunjo","http://www.kenyans.co.ke/bunjo"
"146","/busy-bee","busy bee","http://www.kenyans.co.ke/busy-bee"
"147","/c-sey","c sey","http://www.kenyans.co.ke/c-sey"
"148","/c2k","c2k","http://www.kenyans.co.ke/c2k"
"149","/cabassa","cabassa","http://www.kenyans.co.ke/cabassa"
"150","/caltoz","caltoz","http://www.kenyans.co.ke/caltoz"
"151","/calvo-mistari","calvo mistari","http://www.kenyans.co.ke/calvo-mistari"
"152","/camouflage","camouflage","http://www.kenyans.co.ke/camouflage"
"153","/camp-david","camp david","http://www.kenyans.co.ke/camp-david"
"154","/camp-mulla","camp mulla","http://www.kenyans.co.ke/camp-mulla"
"155","/cannibal","cannibal","http://www.kenyans.co.ke/cannibal"
"156","/cara-feral","cara feral","http://www.kenyans.co.ke/cara-feral"
"157","/carl-truth","carl truth","http://www.kenyans.co.ke/carl-truth"
"158","/carol-jackson","carol jackson","http://www.kenyans.co.ke/carol-jackson"
"159","/carol-nanjie","carol nanjie","http://www.kenyans.co.ke/carol-nanjie"
"160","/carol-ngochi","carol ngochi","http://www.kenyans.co.ke/carol-ngochi"
"161","/carol-njagi","carol njagi","http://www.kenyans.co.ke/carol-njagi"
"162","/carol-wanjiru","carol wanjiru","http://www.kenyans.co.ke/carol-wanjiru"
"163","/cartel","cartel","http://www.kenyans.co.ke/cartel"
"164","/cash-era","cash era","http://www.kenyans.co.ke/cash-era"
"165","/cate-githui","cate githui","http://www.kenyans.co.ke/cate-githui"
"166","/catherine-mutisya","catherine mutisya","http://www.kenyans.co.ke/catherine-mutisya"
"167","/cathy-g","cathy g","http://www.kenyans.co.ke/cathy-g"
"168","/cathy-njeri","cathy njeri","http://www.kenyans.co.ke/cathy-njeri"
"169","/caxton-mutambuki","caxton mutambuki","http://www.kenyans.co.ke/caxton-mutambuki"
"170","/cece-sagini","cece sagini","http://www.kenyans.co.ke/cece-sagini"
"171","/cecilia-nyokabi","cecilia nyokabi","http://www.kenyans.co.ke/cecilia-nyokabi"
"172","/cess-johnson","cess johnson","http://www.kenyans.co.ke/cess-johnson"
"173","/chamrob","chamrob","http://www.kenyans.co.ke/chamrob"
"174","/chantelle","chantelle","http://www.kenyans.co.ke/chantelle"
"175","/chanzy-cream-craize","chanzy cream craize","http://www.kenyans.co.ke/chanzy-cream-craize"
"176","/chapatito","chapatito","http://www.kenyans.co.ke/chapatito"
"177","/charity-tajeu","charity tajeu","http://www.kenyans.co.ke/charity-tajeu"
"178","/charlene","charlene","http://www.kenyans.co.ke/charlene"
"179","/charles-kingori","charles kingori","http://www.kenyans.co.ke/charles-kingori"
"180","/charles-wachira","charles wachira","http://www.kenyans.co.ke/charles-wachira"
"181","/cherie","cherie","http://www.kenyans.co.ke/cherie"
"182","/chess","chess","http://www.kenyans.co.ke/chess"
"183","/chief-mufasa","chief mufasa","http://www.kenyans.co.ke/chief-mufasa"
"184","/chifu-tamurai","chifu tamurai","http://www.kenyans.co.ke/chifu-tamurai"
"185","/chiku","chiku","http://www.kenyans.co.ke/chiku"
"186","/chikuzee","chikuzee","http://www.kenyans.co.ke/chikuzee"
"187","/chikwaza","chikwaza","http://www.kenyans.co.ke/chikwaza"
"188","/chimano","chimano","http://www.kenyans.co.ke/chimano"
"189","/chit-chat","chit chat","http://www.kenyans.co.ke/chit-chat"
"190","/chiwawa","chiwawa","http://www.kenyans.co.ke/chiwawa"
"191","/chizi","chizi","http://www.kenyans.co.ke/chizi"
"192","/choku","choku","http://www.kenyans.co.ke/choku"
"193","/chomba","chomba","http://www.kenyans.co.ke/chomba"
"194","/chris-adwar","chris adwar","http://www.kenyans.co.ke/chris-adwar"
"195","/christ-cycoz","christ cycoz","http://www.kenyans.co.ke/christ-cycoz"
"196","/christian-longomba","christian longomba","http://www.kenyans.co.ke/christian-longomba"
"197","/christine-apondi","christine apondi","http://www.kenyans.co.ke/christine-apondi"
"198","/christine-mwende","christine mwende","http://www.kenyans.co.ke/christine-mwende"
"199","/christine-ndela","christine ndela","http://www.kenyans.co.ke/christine-ndela"
"200","/christine-otieno","christine otieno","http://www.kenyans.co.ke/christine-otieno"
"201","/christine-sayo","christine sayo","http://www.kenyans.co.ke/christine-sayo"
"202","/chuchu","chuchu","http://www.kenyans.co.ke/chuchu"
"203","/churchill-king","churchill king","http://www.kenyans.co.ke/churchill-king"
"204","/cj","cj","http://www.kenyans.co.ke/cj"
"205","/clinton-andambi","clinton andambi","http://www.kenyans.co.ke/clinton-andambi"
"206","/cliq","cliq","http://www.kenyans.co.ke/cliq"
"207","/coast-all-stars","coast all stars","http://www.kenyans.co.ke/coast-all-stars"
"208","/collela","collela","http://www.kenyans.co.ke/collela"
"209","/collo","collo","http://www.kenyans.co.ke/collo"
"210","/colonel-mustafa","colonel mustafa","http://www.kenyans.co.ke/colonel-mustafa"
"211","/conz","conz","http://www.kenyans.co.ke/conz"
"212","/coola-gang","coola gang","http://www.kenyans.co.ke/coola-gang"
"213","/coolkid-taffie","coolkid taffie","http://www.kenyans.co.ke/coolkid-taffie"
"214","/crakx-masters","crakx masters","http://www.kenyans.co.ke/crakx-masters"
"215","/crew-teflon","crew teflon","http://www.kenyans.co.ke/crew-teflon"
"216","/csy","csy","http://www.kenyans.co.ke/csy"
"217","/cutta-c","cutta c","http://www.kenyans.co.ke/cutta-c"
"218","/cyplez","cyplez","http://www.kenyans.co.ke/cyplez"
"219","/cypreezy","cypreezy","http://www.kenyans.co.ke/cypreezy"
"220","/cyrus-lagat","cyrus lagat","http://www.kenyans.co.ke/cyrus-lagat"
"221","/czars","czars","http://www.kenyans.co.ke/czars"
"222","/d-major","d major","http://www.kenyans.co.ke/d-major"
"223","/d-zawadi","d zawadi","http://www.kenyans.co.ke/d-zawadi"
"224","/daddy-owen","daddy owen","http://www.kenyans.co.ke/daddy-owen"
"225","/dafari","dafari","http://www.kenyans.co.ke/dafari"
"226","/dainare","dainare","http://www.kenyans.co.ke/dainare"
"227","/daisy","daisy","http://www.kenyans.co.ke/daisy"
"228","/dan","dan","http://www.kenyans.co.ke/dan"
"229","/dan-dan","dan dan","http://www.kenyans.co.ke/dan-dan"
"230","/dan-em","dan em","http://www.kenyans.co.ke/dan-em"
"231","/dan-gee","dan gee","http://www.kenyans.co.ke/dan-gee"
"232","/dandy-boy","dandy boy","http://www.kenyans.co.ke/dandy-boy"
"233","/danny","danny","http://www.kenyans.co.ke/danny"
"234","/danny-gift","danny gift","http://www.kenyans.co.ke/danny-gift"
"235","/das","das","http://www.kenyans.co.ke/das"
"236","/das-p-pid","das p pid","http://www.kenyans.co.ke/das-p-pid"
"237","/dashley","dashley","http://www.kenyans.co.ke/dashley"
"238","/david-keen","david keen","http://www.kenyans.co.ke/david-keen"
"239","/davie-noty","davie noty","http://www.kenyans.co.ke/davie-noty"
"240","/davinci","davinci","http://www.kenyans.co.ke/davinci"
"241","/dawn","dawn","http://www.kenyans.co.ke/dawn"
"242","/dazlah","dazlah","http://www.kenyans.co.ke/dazlah"
"243","/debbie-asila","debbie asila","http://www.kenyans.co.ke/debbie-asila"
"244","/deborah-nilsson","deborah nilsson","http://www.kenyans.co.ke/deborah-nilsson"
"245","/debrah","debrah","http://www.kenyans.co.ke/debrah"
"246","/dee","dee","http://www.kenyans.co.ke/dee"
"247","/dee-brown-wizy","dee brown wizy","http://www.kenyans.co.ke/dee-brown-wizy"
"248","/deebouwy","deebouwy","http://www.kenyans.co.ke/deebouwy"
"249","/deejay-lapoze","deejay lapoze","http://www.kenyans.co.ke/deejay-lapoze"
"250","/dela","dela","http://www.kenyans.co.ke/dela"
"251","/deliah-ipupa","deliah ipupa","http://www.kenyans.co.ke/deliah-ipupa"
"252","/delvin","delvin","http://www.kenyans.co.ke/delvin"
"253","/denno","denno","http://www.kenyans.co.ke/denno"
"254","/denno-b","denno b","http://www.kenyans.co.ke/denno-b"
"255","/denny-c","denny c","http://www.kenyans.co.ke/denny-c"
"256","/dez-32","dez 32","http://www.kenyans.co.ke/dez-32"
"257","/dianna-chemutai","dianna chemutai","http://www.kenyans.co.ke/dianna-chemutai"
"258","/dida","dida","http://www.kenyans.co.ke/dida"
"259","/diddi-kimer","diddi kimer","http://www.kenyans.co.ke/diddi-kimer"
"260","/didge","didge","http://www.kenyans.co.ke/didge"
"261","/didi","didi","http://www.kenyans.co.ke/didi"
"262","/dineto-tpk","dineto tpk","http://www.kenyans.co.ke/dineto-tpk"
"263","/dj-laumyx","dj laumyx","http://www.kenyans.co.ke/dj-laumyx"
"264","/dj-nruff","dj nruff","http://www.kenyans.co.ke/dj-nruff"
"265","/dj-pierra-makena","dj pierra makena","http://www.kenyans.co.ke/dj-pierra-makena"
"266","/dj-ruff","dj ruff","http://www.kenyans.co.ke/dj-ruff"
"267","/dj-sadic","dj sadic","http://www.kenyans.co.ke/dj-sadic"
"268","/dj-tabz","dj tabz","http://www.kenyans.co.ke/dj-tabz"
"269","/dk-kwenye-beat","dk kwenye beat","http://www.kenyans.co.ke/dk-kwenye-beat"
"270","/dna","dna","http://www.kenyans.co.ke/dna"
"271","/dng","dng","http://www.kenyans.co.ke/dng"
"272","/dogo-richie","dogo richie","http://www.kenyans.co.ke/dogo-richie"
"273","/dohr","dohr","http://www.kenyans.co.ke/dohr"
"274","/dola-kabarry","dola kabarry","http://www.kenyans.co.ke/dola-kabarry"
"275","/dola-man","dola man","http://www.kenyans.co.ke/dola-man"
"276","/dom","dom","http://www.kenyans.co.ke/dom"
"277","/domidee","domidee","http://www.kenyans.co.ke/domidee"
"278","/dominion-pid","dominion pid","http://www.kenyans.co.ke/dominion-pid"
"279","/don-slim","don slim","http://www.kenyans.co.ke/don-slim"
"280","/donatah","donatah","http://www.kenyans.co.ke/donatah"
"281","/dora","dora","http://www.kenyans.co.ke/dora"
"282","/doreen-wachira","doreen wachira","http://www.kenyans.co.ke/doreen-wachira"
"283","/dorothy-awuor-ochieng","dorothy awuor ochieng","http://www.kenyans.co.ke/dorothy-awuor-ochieng"
"284","/double-l","double l","http://www.kenyans.co.ke/double-l"
"285","/dr-eddie","dr eddie","http://www.kenyans.co.ke/dr-eddie"
"286","/dr-priscilla-gitonga","dr priscilla gitonga","http://www.kenyans.co.ke/dr-priscilla-gitonga"
"287","/drill","drill","http://www.kenyans.co.ke/drill"
"288","/duex-vultures","duex vultures","http://www.kenyans.co.ke/duex-vultures"
"289","/dufla","dufla","http://www.kenyans.co.ke/dufla"
"290","/dunco","dunco","http://www.kenyans.co.ke/dunco"
"291","/duxx-mob","duxx mob","http://www.kenyans.co.ke/duxx-mob"
"292","/dyra","dyra","http://www.kenyans.co.ke/dyra"
"293","/e-wanjiru","e wanjiru","http://www.kenyans.co.ke/e-wanjiru"
"294","/e-m-cee","e m cee","http://www.kenyans.co.ke/e-m-cee"
"295","/e-major","e major","http://www.kenyans.co.ke/e-major"
"296","/e-sir","e sir","http://www.kenyans.co.ke/e-sir"
"297","/eabc","eabc","http://www.kenyans.co.ke/eabc"
"298","/eazy-life-city-crew","eazy life city crew","http://www.kenyans.co.ke/eazy-life-city-crew"
"299","/eddah-nkoyo","eddah nkoyo","http://www.kenyans.co.ke/eddah-nkoyo"
"300","/eddie","eddie","http://www.kenyans.co.ke/eddie"
"301","/edel-kwenyu","edel kwenyu","http://www.kenyans.co.ke/edel-kwenyu"
"302","/edna-lotole","edna lotole","http://www.kenyans.co.ke/edna-lotole"
"303","/edu-dontez","edu dontez","http://www.kenyans.co.ke/edu-dontez"
"304","/edu-fanana","edu fanana","http://www.kenyans.co.ke/edu-fanana"
"305","/edu-g","edu g","http://www.kenyans.co.ke/edu-g"
"306","/edward","edward","http://www.kenyans.co.ke/edward"
"307","/edwin-wachori","edwin wachori","http://www.kenyans.co.ke/edwin-wachori"
"308","/eeuther","eeuther","http://www.kenyans.co.ke/eeuther"
"309","/eko-dydda","eko dydda","http://www.kenyans.co.ke/eko-dydda"
"310","/elani","elani","http://www.kenyans.co.ke/elani"
"311","/ele-wakelele","ele wakelele","http://www.kenyans.co.ke/ele-wakelele"
"312","/eleanor-atieno","eleanor atieno","http://www.kenyans.co.ke/eleanor-atieno"
"313","/elee-elee","elee elee","http://www.kenyans.co.ke/elee-elee"
"314","/elijah-miller","elijah miller","http://www.kenyans.co.ke/elijah-miller"
"315","/elizabeth-clipper","elizabeth clipper","http://www.kenyans.co.ke/elizabeth-clipper"
"316","/elizabeth-nyambere","elizabeth nyambere","http://www.kenyans.co.ke/elizabeth-nyambere"
"317","/elquiza-quartz","elquiza quartz","http://www.kenyans.co.ke/elquiza-quartz"
"318","/elsie","elsie","http://www.kenyans.co.ke/elsie"
"319","/elsie-gach","elsie gach","http://www.kenyans.co.ke/elsie-gach"
"320","/em-nash","em nash","http://www.kenyans.co.ke/em-nash"
"321","/emachichi","emachichi","http://www.kenyans.co.ke/emachichi"
"322","/emily-nyaimbo","emily nyaimbo","http://www.kenyans.co.ke/emily-nyaimbo"
"323","/emlend","emlend","http://www.kenyans.co.ke/emlend"
"324","/emma","emma","http://www.kenyans.co.ke/emma"
"325","/emma-omonge","emma omonge","http://www.kenyans.co.ke/emma-omonge"
"326","/emmanuel","emmanuel","http://www.kenyans.co.ke/emmanuel"
"327","/emmanuel-njue","emmanuel njue","http://www.kenyans.co.ke/emmanuel-njue"
"328","/emmie-frank","emmie frank","http://www.kenyans.co.ke/emmie-frank"
"329","/emmy-kosgei","emmy kosgei","http://www.kenyans.co.ke/emmy-kosgei"
"330","/empress","empress","http://www.kenyans.co.ke/empress"
"331","/enid-moraa","enid moraa","http://www.kenyans.co.ke/enid-moraa"
"332","/enika","enika","http://www.kenyans.co.ke/enika"
"333","/epha-maina","epha maina","http://www.kenyans.co.ke/epha-maina"
"334","/ephantus-safari","ephantus safari","http://www.kenyans.co.ke/ephantus-safari"
"335","/ephy-young","ephy young","http://www.kenyans.co.ke/ephy-young"
"336","/erenah","erenah","http://www.kenyans.co.ke/erenah"
"337","/eric-omba","eric omba","http://www.kenyans.co.ke/eric-omba"
"338","/eric-omondi","eric omondi","http://www.kenyans.co.ke/eric-omondi"
"339","/eric-wainaina","eric wainaina","http://www.kenyans.co.ke/eric-wainaina"
"340","/esther-liana","esther liana","http://www.kenyans.co.ke/esther-liana"
"341","/esther-mpaka","esther mpaka","http://www.kenyans.co.ke/esther-mpaka"
"342","/esther-ndungu","esther ndungu","http://www.kenyans.co.ke/esther-ndungu"
"343","/esther-nyambura","esther nyambura","http://www.kenyans.co.ke/esther-nyambura"
"344","/esther-wahome","esther wahome","http://www.kenyans.co.ke/esther-wahome"
"345","/esther-wanjiku","esther wanjiku","http://www.kenyans.co.ke/esther-wanjiku"
"346","/eunice-ndisya","eunice ndisya","http://www.kenyans.co.ke/eunice-ndisya"
"347","/eunice-njeri","eunice njeri","http://www.kenyans.co.ke/eunice-njeri"
"348","/eunice-wambui","eunice wambui","http://www.kenyans.co.ke/eunice-wambui"
"349","/ev-anastasia-karanja","ev anastasia karanja","http://www.kenyans.co.ke/ev-anastasia-karanja"
"350","/ev-charity-maina","ev charity maina","http://www.kenyans.co.ke/ev-charity-maina"
"351","/ev-john-kay","ev john kay","http://www.kenyans.co.ke/ev-john-kay"
"352","/eva-gichana","eva gichana","http://www.kenyans.co.ke/eva-gichana"
"353","/evaline-amuthoka","evaline amuthoka","http://www.kenyans.co.ke/evaline-amuthoka"
"354","/evanso","evanso","http://www.kenyans.co.ke/evanso"
"355","/evelyn-muyonga","evelyn muyonga","http://www.kenyans.co.ke/evelyn-muyonga"
"356","/evelyn-ndege","evelyn ndege","http://www.kenyans.co.ke/evelyn-ndege"
"357","/evelyn-wanjiru","evelyn wanjiru","http://www.kenyans.co.ke/evelyn-wanjiru"
"358","/everlast-kenya","everlast kenya","http://www.kenyans.co.ke/everlast-kenya"
"359","/eyearno-piano","eyearno piano","http://www.kenyans.co.ke/eyearno-piano"
"360","/eysha","eysha","http://www.kenyans.co.ke/eysha"
"361","/faith-kithele","faith kithele","http://www.kenyans.co.ke/faith-kithele"
"362","/faith-mbugua","faith mbugua","http://www.kenyans.co.ke/faith-mbugua"
"363","/faith-muturi","faith muturi","http://www.kenyans.co.ke/faith-muturi"
"364","/faith-mwikali","faith mwikali","http://www.kenyans.co.ke/faith-mwikali"
"365","/faith-nancy","faith nancy","http://www.kenyans.co.ke/faith-nancy"
"366","/faith-nduhio","faith nduhio","http://www.kenyans.co.ke/faith-nduhio"
"367","/falenzy-usher","falenzy usher","http://www.kenyans.co.ke/falenzy-usher"
"368","/fatha-lody-vkp","fatha lody vkp","http://www.kenyans.co.ke/fatha-lody-vkp"
"369","/feeloh","feeloh","http://www.kenyans.co.ke/feeloh"
"370","/femi-one","femi one","http://www.kenyans.co.ke/femi-one"
"371","/fena-gitu","fena gitu","http://www.kenyans.co.ke/fena-gitu"
"372","/fenny-kerubo","fenny kerubo","http://www.kenyans.co.ke/fenny-kerubo"
"373","/fidel-atondola","fidel atondola","http://www.kenyans.co.ke/fidel-atondola"
"374","/fidempa","fidempa","http://www.kenyans.co.ke/fidempa"
"375","/figa-b","figa b","http://www.kenyans.co.ke/figa-b"
"376","/fireson","fireson","http://www.kenyans.co.ke/fireson"
"377","/fisha-man","fisha man","http://www.kenyans.co.ke/fisha-man"
"378","/flamers","flamers","http://www.kenyans.co.ke/flamers"
"379","/flexx","flexx","http://www.kenyans.co.ke/flexx"
"380","/flim-cmb","flim cmb","http://www.kenyans.co.ke/flim-cmb"
"381","/florence-andenyi","florence andenyi","http://www.kenyans.co.ke/florence-andenyi"
"382","/florence-chepngetich","florence chepngetich","http://www.kenyans.co.ke/florence-chepngetich"
"383","/florence-mureithi","florence mureithi","http://www.kenyans.co.ke/florence-mureithi"
"384","/flozie","flozie","http://www.kenyans.co.ke/flozie"
"385","/flupsy-dupsy","flupsy dupsy","http://www.kenyans.co.ke/flupsy-dupsy"
"386","/flying-radio","flying radio","http://www.kenyans.co.ke/flying-radio"
"387","/fortran-b","fortran b","http://www.kenyans.co.ke/fortran-b"
"388","/francis-kogi","francis kogi","http://www.kenyans.co.ke/francis-kogi"
"389","/francis-muli","francis muli","http://www.kenyans.co.ke/francis-muli"
"390","/francis-shigode","francis shigode","http://www.kenyans.co.ke/francis-shigode"
"391","/francisca-nekesa","francisca nekesa","http://www.kenyans.co.ke/francisca-nekesa"
"392","/franco-wa-subu","franco wa subu","http://www.kenyans.co.ke/franco-wa-subu"
"393","/frank","frank","http://www.kenyans.co.ke/frank"
"394","/frankie-bwoy","frankie bwoy","http://www.kenyans.co.ke/frankie-bwoy"
"395","/frasha","frasha","http://www.kenyans.co.ke/frasha"
"396","/freakazoids","freakazoids","http://www.kenyans.co.ke/freakazoids"
"397","/freddie","freddie","http://www.kenyans.co.ke/freddie"
"398","/fredie-fiedel","fredie fiedel","http://www.kenyans.co.ke/fredie-fiedel"
"399","/french-boy","french boy","http://www.kenyans.co.ke/french-boy"
"400","/frobo","frobo","http://www.kenyans.co.ke/frobo"
"401","/furaha","furaha","http://www.kenyans.co.ke/furaha"
"402","/fyddla","fyddla","http://www.kenyans.co.ke/fyddla"
"403","/g-boy","g boy","http://www.kenyans.co.ke/g-boy"
"404","/g-flow","g flow","http://www.kenyans.co.ke/g-flow"
"405","/g-park","g park","http://www.kenyans.co.ke/g-park"
"406","/g-warriaz-dancers","g warriaz dancers","http://www.kenyans.co.ke/g-warriaz-dancers"
"407","/g-kon","g kon","http://www.kenyans.co.ke/g-kon"
"408","/g-maina","g maina","http://www.kenyans.co.ke/g-maina"
"409","/gabiro-dahiphop","gabiro dahiphop","http://www.kenyans.co.ke/gabiro-dahiphop"
"410","/gabriel-mwamuye","gabriel mwamuye","http://www.kenyans.co.ke/gabriel-mwamuye"
"411","/gabu","gabu","http://www.kenyans.co.ke/gabu"
"412","/gaby-kamanzi","gaby kamanzi","http://www.kenyans.co.ke/gaby-kamanzi"
"413","/gachago","gachago","http://www.kenyans.co.ke/gachago"
"414","/gachathi-wa-thuo","gachathi wa thuo","http://www.kenyans.co.ke/gachathi-wa-thuo"
"415","/gdash","gdash","http://www.kenyans.co.ke/gdash"
"416","/geebeez","geebeez","http://www.kenyans.co.ke/geebeez"
"417","/generalle-kozzie","generalle kozzie","http://www.kenyans.co.ke/generalle-kozzie"
"418","/genje","genje","http://www.kenyans.co.ke/genje"
"419","/geoffrey-kwatemba","geoffrey kwatemba","http://www.kenyans.co.ke/geoffrey-kwatemba"
"420","/george-omoso","george omoso","http://www.kenyans.co.ke/george-omoso"
"421","/gerriey-wainaina","gerriey wainaina","http://www.kenyans.co.ke/gerriey-wainaina"
"422","/gideons-army","gideons army","http://www.kenyans.co.ke/gideons-army"
"423","/gidi-gidi","gidi gidi","http://www.kenyans.co.ke/gidi-gidi"
"424","/gilad-millo","gilad millo","http://www.kenyans.co.ke/gilad-millo"
"425","/gilbert-segei","gilbert segei","http://www.kenyans.co.ke/gilbert-segei"
"426","/gin-ideal","gin ideal","http://www.kenyans.co.ke/gin-ideal"
"427","/gittx","gittx","http://www.kenyans.co.ke/gittx"
"428","/gk-kenya","gk kenya","http://www.kenyans.co.ke/gk-kenya"
"429","/gladys-omasire","gladys omasire","http://www.kenyans.co.ke/gladys-omasire"
"430","/gloria-muliro","gloria muliro","http://www.kenyans.co.ke/gloria-muliro"
"431","/godiana","godiana","http://www.kenyans.co.ke/godiana"
"432","/godson-jawabu","godson jawabu","http://www.kenyans.co.ke/godson-jawabu"
"433","/goodruff","goodruff","http://www.kenyans.co.ke/goodruff"
"434","/grace-ekirapa","grace ekirapa","http://www.kenyans.co.ke/grace-ekirapa"
"435","/grace-kiverenge","grace kiverenge","http://www.kenyans.co.ke/grace-kiverenge"
"436","/grace-mwai","grace mwai","http://www.kenyans.co.ke/grace-mwai"
"437","/grace-mwende","grace mwende","http://www.kenyans.co.ke/grace-mwende"
"438","/grace-wangui","grace wangui","http://www.kenyans.co.ke/grace-wangui"
"439","/graciella","graciella","http://www.kenyans.co.ke/graciella"
"440","/grand-pa-government","grand pa government","http://www.kenyans.co.ke/grand-pa-government"
"441","/great-jay","great jay","http://www.kenyans.co.ke/great-jay"
"442","/gregory-muindi","gregory muindi","http://www.kenyans.co.ke/gregory-muindi"
"443","/ground-zero","ground zero","http://www.kenyans.co.ke/ground-zero"
"444","/gsu-band","gsu band","http://www.kenyans.co.ke/gsu-band"
"445","/guardian-angel","guardian angel","http://www.kenyans.co.ke/guardian-angel"
"446","/h3-thomas","h3 thomas","http://www.kenyans.co.ke/h3-thomas"
"447","/habida","habida","http://www.kenyans.co.ke/habida"
"448","/halima","halima","http://www.kenyans.co.ke/halima"
"449","/hanna","hanna","http://www.kenyans.co.ke/hanna"
"450","/harry-ash","harry ash","http://www.kenyans.co.ke/harry-ash"
"451","/harry-g","harry g","http://www.kenyans.co.ke/harry-g"
"452","/harry-kimani","harry kimani","http://www.kenyans.co.ke/harry-kimani"
"453","/hash-b","hash b","http://www.kenyans.co.ke/hash-b"
"454","/hassadah","hassadah","http://www.kenyans.co.ke/hassadah"
"455","/hb","hb","http://www.kenyans.co.ke/hb"
"456","/helidah-oluoch","helidah oluoch","http://www.kenyans.co.ke/helidah-oluoch"
"457","/hellen-koligey","hellen koligey","http://www.kenyans.co.ke/hellen-koligey"
"458","/hellen-leneepe","hellen leneepe","http://www.kenyans.co.ke/hellen-leneepe"
"459","/hellena-ken","hellena ken","http://www.kenyans.co.ke/hellena-ken"
"460","/henry-muema","henry muema","http://www.kenyans.co.ke/henry-muema"
"461","/hey-z","hey z","http://www.kenyans.co.ke/hey-z"
"462","/hezeh-ndungu","hezeh ndungu","http://www.kenyans.co.ke/hezeh-ndungu"
"463","/historians","historians","http://www.kenyans.co.ke/historians"
"464","/hojs","hojs","http://www.kenyans.co.ke/hojs"
"465","/holy-boy","holy boy","http://www.kenyans.co.ke/holy-boy"
"466","/holy-dave","holy dave","http://www.kenyans.co.ke/holy-dave"
"467","/honeym","honeym","http://www.kenyans.co.ke/honeym"
"468","/hope-cz","hope cz","http://www.kenyans.co.ke/hope-cz"
"469","/hope-family","hope family","http://www.kenyans.co.ke/hope-family"
"470","/hope-muturi","hope muturi","http://www.kenyans.co.ke/hope-muturi"
"471","/hopekid","hopekid","http://www.kenyans.co.ke/hopekid"
"472","/hotte","hotte","http://www.kenyans.co.ke/hotte"
"473","/huguette-shengezi","huguette shengezi","http://www.kenyans.co.ke/huguette-shengezi"
"474","/hylda","hylda","http://www.kenyans.co.ke/hylda"
"475","/hart-band","hart band","http://www.kenyans.co.ke/hart-band"
"476","/i-am-starborn","i am starborn","http://www.kenyans.co.ke/i-am-starborn"
"477","/ian-collins","ian collins","http://www.kenyans.co.ke/ian-collins"
"478","/idd-aziz","idd aziz","http://www.kenyans.co.ke/idd-aziz"
"479","/iddi-singer","iddi singer","http://www.kenyans.co.ke/iddi-singer"
"480","/ilagosa-wa-ilagosa","ilagosa wa ilagosa","http://www.kenyans.co.ke/ilagosa-wa-ilagosa"
"481","/imani-favour","imani favour","http://www.kenyans.co.ke/imani-favour"
"482","/indiginas","indiginas","http://www.kenyans.co.ke/indiginas"
"483","/informaz","informaz","http://www.kenyans.co.ke/informaz"
"484","/innocent-persons","innocent persons","http://www.kenyans.co.ke/innocent-persons"
"485","/innofaces","innofaces","http://www.kenyans.co.ke/innofaces"
"486","/iphoolish","iphoolish","http://www.kenyans.co.ke/iphoolish"
"487","/irene-ngina","irene ngina","http://www.kenyans.co.ke/irene-ngina"
"488","/irene-sifa","irene sifa","http://www.kenyans.co.ke/irene-sifa"
"489","/irongi","irongi","http://www.kenyans.co.ke/irongi"
"490","/isaac-kahura","isaac kahura","http://www.kenyans.co.ke/isaac-kahura"
"491","/isaiah-ndungu","isaiah ndungu","http://www.kenyans.co.ke/isaiah-ndungu"
"492","/isindu","isindu","http://www.kenyans.co.ke/isindu"
"493","/ivlyn-0","ivlyn 0","http://www.kenyans.co.ke/ivlyn-0"
"494","/izoe","izoe","http://www.kenyans.co.ke/izoe"
"495","/izzo","izzo","http://www.kenyans.co.ke/izzo"
"496","/jblessing","jblessing","http://www.kenyans.co.ke/jblessing"
"497","/j-jovial","j jovial","http://www.kenyans.co.ke/j-jovial"
"498","/j-fam","j fam","http://www.kenyans.co.ke/j-fam"
"499","/jackie-kotira","jackie kotira","http://www.kenyans.co.ke/jackie-kotira"
"500","/jacob-luseno","jacob luseno","http://www.kenyans.co.ke/jacob-luseno"
"501","/jaguar","jaguar","http://www.kenyans.co.ke/jaguar"
"502","/jahmani","jahmani","http://www.kenyans.co.ke/jahmani"
"503","/jahwatchman","jahwatchman","http://www.kenyans.co.ke/jahwatchman"
"504","/jaimbo","jaimbo","http://www.kenyans.co.ke/jaimbo"
"505","/james-wanyoike","james wanyoike","http://www.kenyans.co.ke/james-wanyoike"
"506","/james-warachi","james warachi","http://www.kenyans.co.ke/james-warachi"
"507","/jane","jane","http://www.kenyans.co.ke/jane"
"508","/jane-muthoni","jane muthoni","http://www.kenyans.co.ke/jane-muthoni"
"509","/janet-okongo","janet okongo","http://www.kenyans.co.ke/janet-okongo"
"510","/janet-otieno","janet otieno","http://www.kenyans.co.ke/janet-otieno"
"511","/japheth-musila","japheth musila","http://www.kenyans.co.ke/japheth-musila"
"512","/jaquie-njeri","jaquie njeri","http://www.kenyans.co.ke/jaquie-njeri"
"513","/jardel","jardel","http://www.kenyans.co.ke/jardel"
"514","/jay-a","jay a","http://www.kenyans.co.ke/jay-a"
"515","/jay-general","jay general","http://www.kenyans.co.ke/jay-general"
"516","/jay-sam","jay sam","http://www.kenyans.co.ke/jay-sam"
"517","/jay-star","jay star","http://www.kenyans.co.ke/jay-star"
"518","/jaya","jaya","http://www.kenyans.co.ke/jaya"
"519","/jaymah","jaymah","http://www.kenyans.co.ke/jaymah"
"520","/jayyclass","jayyclass","http://www.kenyans.co.ke/jayyclass"
"521","/jb-maina","jb maina","http://www.kenyans.co.ke/jb-maina"
"522","/jcw","jcw","http://www.kenyans.co.ke/jcw"
"523","/jedidah","jedidah","http://www.kenyans.co.ke/jedidah"
"524","/jeedy-jose","jeedy jose","http://www.kenyans.co.ke/jeedy-jose"
"525","/jeff-king","jeff king","http://www.kenyans.co.ke/jeff-king"
"526","/jeff-mangara","jeff mangara","http://www.kenyans.co.ke/jeff-mangara"
"527","/jefro","jefro","http://www.kenyans.co.ke/jefro"
"528","/jemedari","jemedari","http://www.kenyans.co.ke/jemedari"
"529","/jemimah-thiong-o","jemimah thiong o","http://www.kenyans.co.ke/jemimah-thiong-o"
"530","/jemmoh","jemmoh","http://www.kenyans.co.ke/jemmoh"
"531","/jeromarsh","jeromarsh","http://www.kenyans.co.ke/jeromarsh"
"532","/jerry","jerry","http://www.kenyans.co.ke/jerry"
"533","/jimmy-gait","jimmy gait","http://www.kenyans.co.ke/jimmy-gait"
"534","/jims-n-dims","jims n dims","http://www.kenyans.co.ke/jims-n-dims"
"535","/jimwat","jimwat","http://www.kenyans.co.ke/jimwat"
"536","/jmani","jmani","http://www.kenyans.co.ke/jmani"
"537","/joe-munene","joe munene","http://www.kenyans.co.ke/joe-munene"
"538","/joel","joel","http://www.kenyans.co.ke/joel"
"539","/joey","joey","http://www.kenyans.co.ke/joey"
"540","/john-de-mathew","john de mathew","http://www.kenyans.co.ke/john-de-mathew"
"541","/john-junior","john junior","http://www.kenyans.co.ke/john-junior"
"542","/john-njagi","john njagi","http://www.kenyans.co.ke/john-njagi"
"543","/johnny-vigeti","johnny vigeti","http://www.kenyans.co.ke/johnny-vigeti"
"544","/johny-dave","johny dave","http://www.kenyans.co.ke/johny-dave"
"545","/jojo","jojo","http://www.kenyans.co.ke/jojo"
"546","/jonathan-kimindu","jonathan kimindu","http://www.kenyans.co.ke/jonathan-kimindu"
"547","/jones","jones","http://www.kenyans.co.ke/jones"
"548","/jonny-skani","jonny skani","http://www.kenyans.co.ke/jonny-skani"
"549","/jose-gatutura","jose gatutura","http://www.kenyans.co.ke/jose-gatutura"
"550","/jose-wamapendo","jose wamapendo","http://www.kenyans.co.ke/jose-wamapendo"
"551","/joseph-kamaru","joseph kamaru","http://www.kenyans.co.ke/joseph-kamaru"
"552","/joseph-muruaru","joseph muruaru","http://www.kenyans.co.ke/joseph-muruaru"
"553","/josephine-mbugua","josephine mbugua","http://www.kenyans.co.ke/josephine-mbugua"
"554","/josh","josh","http://www.kenyans.co.ke/josh"
"555","/joshua-k","joshua k","http://www.kenyans.co.ke/joshua-k"
"556","/josizo","josizo","http://www.kenyans.co.ke/josizo"
"557","/josphat-karanja","josphat karanja","http://www.kenyans.co.ke/josphat-karanja"
"558","/jovial","jovial","http://www.kenyans.co.ke/jovial"
"559","/joy-ambale","joy ambale","http://www.kenyans.co.ke/joy-ambale"
"560","/joy-gitau","joy gitau","http://www.kenyans.co.ke/joy-gitau"
"561","/joy-goko","joy goko","http://www.kenyans.co.ke/joy-goko"
"562","/joy-janice","joy janice","http://www.kenyans.co.ke/joy-janice"
"563","/joyce-irungu","joyce irungu","http://www.kenyans.co.ke/joyce-irungu"
"564","/joyce-omondi","joyce omondi","http://www.kenyans.co.ke/joyce-omondi"
"565","/joyce-wangu","joyce wangu","http://www.kenyans.co.ke/joyce-wangu"
"566","/joyce-wanjiru","joyce wanjiru","http://www.kenyans.co.ke/joyce-wanjiru"
"567","/jpsalms","jpsalms","http://www.kenyans.co.ke/jpsalms"
"568","/jua-cali","jua cali","http://www.kenyans.co.ke/jua-cali"
"569","/juddie","juddie","http://www.kenyans.co.ke/juddie"
"570","/judy","judy","http://www.kenyans.co.ke/judy"
"571","/judy-cocy","judy cocy","http://www.kenyans.co.ke/judy-cocy"
"572","/juliani","juliani","http://www.kenyans.co.ke/juliani"
"573","/juliet","juliet","http://www.kenyans.co.ke/juliet"
"574","/just-band","just band","http://www.kenyans.co.ke/just-band"
"575","/justus-myello","justus myello","http://www.kenyans.co.ke/justus-myello"
"576","/k-letta","k letta","http://www.kenyans.co.ke/k-letta"
"577","/k-soja","k soja","http://www.kenyans.co.ke/k-soja"
"578","/k-south","k south","http://www.kenyans.co.ke/k-south"
"579","/k47","k47","http://www.kenyans.co.ke/k47"
"580","/kaa-la-moto","kaa la moto","http://www.kenyans.co.ke/kaa-la-moto"
"581","/kaberere","kaberere","http://www.kenyans.co.ke/kaberere"
"582","/kagwe-mungai","kagwe mungai","http://www.kenyans.co.ke/kagwe-mungai"
"583","/kaimuri-mugambi","kaimuri mugambi","http://www.kenyans.co.ke/kaimuri-mugambi"
"584","/kajairo","kajairo","http://www.kenyans.co.ke/kajairo"
"585","/kaka-chinizee","kaka chinizee","http://www.kenyans.co.ke/kaka-chinizee"
"586","/kalekye-mumo","kalekye mumo","http://www.kenyans.co.ke/kalekye-mumo"
"587","/kamande-wa-kioi","kamande wa kioi","http://www.kenyans.co.ke/kamande-wa-kioi"
"588","/kambua","kambua","http://www.kenyans.co.ke/kambua"
"589","/kamlesh","kamlesh","http://www.kenyans.co.ke/kamlesh"
"590","/kammah","kammah","http://www.kenyans.co.ke/kammah"
"591","/kamsa","kamsa","http://www.kenyans.co.ke/kamsa"
"592","/kanana","kanana","http://www.kenyans.co.ke/kanana"
"593","/kangethe-micah","kangethe micah","http://www.kenyans.co.ke/kangethe-micah"
"594","/kanja","kanja","http://www.kenyans.co.ke/kanja"
"595","/kanjii","kanjii","http://www.kenyans.co.ke/kanjii"
"596","/kansoul","kansoul","http://www.kenyans.co.ke/kansoul"
"597","/kantai","kantai","http://www.kenyans.co.ke/kantai"
"598","/kapella","kapella","http://www.kenyans.co.ke/kapella"
"599","/kaptain-donald","kaptain donald","http://www.kenyans.co.ke/kaptain-donald"
"600","/karma","karma","http://www.kenyans.co.ke/karma"
"601","/karun","karun","http://www.kenyans.co.ke/karun"
"602","/kash","kash","http://www.kenyans.co.ke/kash"
"603","/kashkeed","kashkeed","http://www.kenyans.co.ke/kashkeed"
"604","/kastro","kastro","http://www.kenyans.co.ke/kastro"
"605","/kativui-dawa","kativui dawa","http://www.kenyans.co.ke/kativui-dawa"
"606","/kaya","kaya","http://www.kenyans.co.ke/kaya"
"607","/kayamba-africa","kayamba africa","http://www.kenyans.co.ke/kayamba-africa"
"608","/kaytrixx","kaytrixx","http://www.kenyans.co.ke/kaytrixx"
"609","/kaytwister","kaytwister","http://www.kenyans.co.ke/kaytwister"
"610","/kayvo-kforce","kayvo kforce","http://www.kenyans.co.ke/kayvo-kforce"
"611","/kaz","kaz","http://www.kenyans.co.ke/kaz"
"612","/keira","keira","http://www.kenyans.co.ke/keira"
"613","/kelele-takatifu","kelele takatifu","http://www.kenyans.co.ke/kelele-takatifu"
"614","/kelma","kelma","http://www.kenyans.co.ke/kelma"
"615","/kelvin-given","kelvin given","http://www.kenyans.co.ke/kelvin-given"
"616","/kelvin-k","kelvin k","http://www.kenyans.co.ke/kelvin-k"
"617","/kelvin-munene","kelvin munene","http://www.kenyans.co.ke/kelvin-munene"
"618","/ken-g3","ken g3","http://www.kenyans.co.ke/ken-g3"
"619","/ken-wa-maria","ken wa maria","http://www.kenyans.co.ke/ken-wa-maria"
"620","/kendi","kendi","http://www.kenyans.co.ke/kendi"
"621","/kenn-eddy-krezi","kenn eddy krezi","http://www.kenyans.co.ke/kenn-eddy-krezi"
"622","/kenneso","kenneso","http://www.kenyans.co.ke/kenneso"
"623","/kennon-ken","kennon ken","http://www.kenyans.co.ke/kennon-ken"
"624","/kenny-born","kenny born","http://www.kenyans.co.ke/kenny-born"
"625","/kenrazy","kenrazy","http://www.kenyans.co.ke/kenrazy"
"626","/kenti-mog","kenti mog","http://www.kenyans.co.ke/kenti-mog"
"627","/kenyan-boys-choir","kenyan boys choir","http://www.kenyans.co.ke/kenyan-boys-choir"
"628","/kenzo","kenzo","http://www.kenyans.co.ke/kenzo"
"629","/kerah","kerah","http://www.kenyans.co.ke/kerah"
"630","/kev","kev","http://www.kenyans.co.ke/kev"
"631","/kev-mamba","kev mamba","http://www.kenyans.co.ke/kev-mamba"
"632","/kevin-grands","kevin grands","http://www.kenyans.co.ke/kevin-grands"
"633","/kevin-samuel","kevin samuel","http://www.kenyans.co.ke/kevin-samuel"
"634","/kevochi","kevochi","http://www.kenyans.co.ke/kevochi"
"635","/kevoh-yout","kevoh yout","http://www.kenyans.co.ke/kevoh-yout"
"636","/keym-honey","keym honey","http://www.kenyans.co.ke/keym-honey"
"637","/khaligraph-jones","khaligraph jones","http://www.kenyans.co.ke/khaligraph-jones"
"638","/kidis","kidis","http://www.kenyans.co.ke/kidis"
"639","/kidkora","kidkora","http://www.kenyans.co.ke/kidkora"
"640","/kidum","kidum","http://www.kenyans.co.ke/kidum"
"641","/kigoto","kigoto","http://www.kenyans.co.ke/kigoto"
"642","/killa-styles","killa styles","http://www.kenyans.co.ke/killa-styles"
"643","/kim-danny","kim danny","http://www.kenyans.co.ke/kim-danny"
"644","/kimathi-marshall","kimathi marshall","http://www.kenyans.co.ke/kimathi-marshall"
"645","/kimya","kimya","http://www.kenyans.co.ke/kimya"
"646","/king-alfytin","king alfytin","http://www.kenyans.co.ke/king-alfytin"
"647","/kingkaka","kingkaka","http://www.kenyans.co.ke/kingkaka"
"648","/kinja","kinja","http://www.kenyans.co.ke/kinja"
"649","/kish","kish","http://www.kenyans.co.ke/kish"
"650","/kitu-sewer","kitu sewer","http://www.kenyans.co.ke/kitu-sewer"
"651","/kizo-b","kizo b","http://www.kenyans.co.ke/kizo-b"
"652","/kleptomaniax","kleptomaniax","http://www.kenyans.co.ke/kleptomaniax"
"653","/kludge","kludge","http://www.kenyans.co.ke/kludge"
"654","/kris-eeh-baba","kris eeh baba","http://www.kenyans.co.ke/kris-eeh-baba"
"655","/kristoff","kristoff","http://www.kenyans.co.ke/kristoff"
"656","/ktisa","ktisa","http://www.kenyans.co.ke/ktisa"
"657","/kulamu","kulamu","http://www.kenyans.co.ke/kulamu"
"658","/kunguru","kunguru","http://www.kenyans.co.ke/kunguru"
"659","/kus-ma","kus ma","http://www.kenyans.co.ke/kus-ma"
"660","/kush-tracey","kush tracey","http://www.kenyans.co.ke/kush-tracey"
"661","/kwame","kwame","http://www.kenyans.co.ke/kwame"
"662","/kyki","kyki","http://www.kenyans.co.ke/kyki"
"663","/kyraz-0","kyraz 0","http://www.kenyans.co.ke/kyraz-0"
"664","/kzee","kzee","http://www.kenyans.co.ke/kzee"
"665","/l-jay-maasai","l jay maasai","http://www.kenyans.co.ke/l-jay-maasai"
"666","/la-balaa","la balaa","http://www.kenyans.co.ke/la-balaa"
"667","/lady-bee","lady bee","http://www.kenyans.co.ke/lady-bee"
"668","/lady-s","lady s","http://www.kenyans.co.ke/lady-s"
"669","/lady-wanja","lady wanja","http://www.kenyans.co.ke/lady-wanja"
"670","/laety","laety","http://www.kenyans.co.ke/laety"
"671","/lafam-dowg","lafam dowg","http://www.kenyans.co.ke/lafam-dowg"
"672","/lai","lai","http://www.kenyans.co.ke/lai"
"673","/landan-balla","landan balla","http://www.kenyans.co.ke/landan-balla"
"674","/larry-c","larry c","http://www.kenyans.co.ke/larry-c"
"675","/laura","laura","http://www.kenyans.co.ke/laura"
"676","/lavichunare","lavichunare","http://www.kenyans.co.ke/lavichunare"
"677","/lc","lc","http://www.kenyans.co.ke/lc"
"678","/leah-mercy","leah mercy","http://www.kenyans.co.ke/leah-mercy"
"679","/lemarti","lemarti","http://www.kenyans.co.ke/lemarti"
"680","/letty-macharia","letty macharia","http://www.kenyans.co.ke/letty-macharia"
"681","/levy-fuchingo","levy fuchingo","http://www.kenyans.co.ke/levy-fuchingo"
"682","/lexx-kinyua","lexx kinyua","http://www.kenyans.co.ke/lexx-kinyua"
"683","/lezee-muchai","lezee muchai","http://www.kenyans.co.ke/lezee-muchai"
"684","/libby","libby","http://www.kenyans.co.ke/libby"
"685","/lilian","lilian","http://www.kenyans.co.ke/lilian"
"686","/lilian-rotich","lilian rotich","http://www.kenyans.co.ke/lilian-rotich"
"687","/lilian-mbui","lilian mbui","http://www.kenyans.co.ke/lilian-mbui"
"688","/limit-s","limit s","http://www.kenyans.co.ke/limit-s"
"689","/linda","linda","http://www.kenyans.co.ke/linda"
"690","/linet-njoora","linet njoora","http://www.kenyans.co.ke/linet-njoora"
"691","/lisa-wambui","lisa wambui","http://www.kenyans.co.ke/lisa-wambui"
"692","/litmus-boyz","litmus boyz","http://www.kenyans.co.ke/litmus-boyz"
"693","/lizzy-kui","lizzy kui","http://www.kenyans.co.ke/lizzy-kui"
"694","/loise-kim","loise kim","http://www.kenyans.co.ke/loise-kim"
"695","/loise-maingi","loise maingi","http://www.kenyans.co.ke/loise-maingi"
"696","/lon-jon","lon jon","http://www.kenyans.co.ke/lon-jon"
"697","/lonesome","lonesome","http://www.kenyans.co.ke/lonesome"
"698","/longombas","longombas","http://www.kenyans.co.ke/longombas"
"699","/louise-kamina","louise kamina","http://www.kenyans.co.ke/louise-kamina"
"700","/love-e","love e","http://www.kenyans.co.ke/love-e"
"701","/lovince-mckenzie","lovince mckenzie","http://www.kenyans.co.ke/lovince-mckenzie"
"702","/lovy-longombas","lovy longombas","http://www.kenyans.co.ke/lovy-longombas"
"703","/lucy-munene","lucy munene","http://www.kenyans.co.ke/lucy-munene"
"704","/lucy-wangeci","lucy wangeci","http://www.kenyans.co.ke/lucy-wangeci"
"705","/ludec","ludec","http://www.kenyans.co.ke/ludec"
"706","/lulu-kibaara","lulu kibaara","http://www.kenyans.co.ke/lulu-kibaara"
"707","/lwanda-cast","lwanda cast","http://www.kenyans.co.ke/lwanda-cast"
"708","/lyra-aoko","lyra aoko","http://www.kenyans.co.ke/lyra-aoko"
"709","/mog","mog","http://www.kenyans.co.ke/mog"
"710","/mvp-africa","mvp africa","http://www.kenyans.co.ke/mvp-africa"
"711","/ma3","ma3","http://www.kenyans.co.ke/ma3"
"712","/mabawa","mabawa","http://www.kenyans.co.ke/mabawa"
"713","/maddtraxx","maddtraxx","http://www.kenyans.co.ke/maddtraxx"
"714","/maggy-seurey","maggy seurey","http://www.kenyans.co.ke/maggy-seurey"
"715","/magnet","magnet","http://www.kenyans.co.ke/magnet"
"716","/mahatma","mahatma","http://www.kenyans.co.ke/mahatma"
"717","/maich-bmf","maich bmf","http://www.kenyans.co.ke/maich-bmf"
"718","/maichblaq","maichblaq","http://www.kenyans.co.ke/maichblaq"
"719","/maida","maida","http://www.kenyans.co.ke/maida"
"720","/maji-maji","maji maji","http://www.kenyans.co.ke/maji-maji"
"721","/majic-mike","majic mike","http://www.kenyans.co.ke/majic-mike"
"722","/majirani","majirani","http://www.kenyans.co.ke/majirani"
"723","/makena","makena","http://www.kenyans.co.ke/makena"
"724","/makoha","makoha","http://www.kenyans.co.ke/makoha"
"725","/malachi","malachi","http://www.kenyans.co.ke/malachi"
"726","/maleek","maleek","http://www.kenyans.co.ke/maleek"
"727","/maluda","maluda","http://www.kenyans.co.ke/maluda"
"728","/mamula","mamula","http://www.kenyans.co.ke/mamula"
"729","/man-ingwe","man ingwe","http://www.kenyans.co.ke/man-ingwe"
"730","/man-njoro","man njoro","http://www.kenyans.co.ke/man-njoro"
"731","/maneezy-niko-eezy","maneezy niko eezy","http://www.kenyans.co.ke/maneezy-niko-eezy"
"732","/mannaseh","mannaseh","http://www.kenyans.co.ke/mannaseh"
"733","/mansura","mansura","http://www.kenyans.co.ke/mansura"
"734","/margaret-mutunga","margaret mutunga","http://www.kenyans.co.ke/margaret-mutunga"
"735","/margaret-nganga","margaret nganga","http://www.kenyans.co.ke/margaret-nganga"
"736","/marion-shako","marion shako","http://www.kenyans.co.ke/marion-shako"
"737","/mark-odera","mark odera","http://www.kenyans.co.ke/mark-odera"
"738","/martin-murunga","martin murunga","http://www.kenyans.co.ke/martin-murunga"
"739","/martin-wa-janet","martin wa janet","http://www.kenyans.co.ke/martin-wa-janet"
"740","/mary-eliuds","mary eliuds","http://www.kenyans.co.ke/mary-eliuds"
"741","/mary-kihara","mary kihara","http://www.kenyans.co.ke/mary-kihara"
"742","/mary-macharia","mary macharia","http://www.kenyans.co.ke/mary-macharia"
"743","/mary-mawama","mary mawama","http://www.kenyans.co.ke/mary-mawama"
"744","/mary-maweu","mary maweu","http://www.kenyans.co.ke/mary-maweu"
"745","/mary-mwangi","mary mwangi","http://www.kenyans.co.ke/mary-mwangi"
"746","/marya","marya","http://www.kenyans.co.ke/marya"
"747","/masauti","masauti","http://www.kenyans.co.ke/masauti"
"748","/masha","masha","http://www.kenyans.co.ke/masha"
"749","/masha-mapenzi","masha mapenzi","http://www.kenyans.co.ke/masha-mapenzi"
"750","/mashall","mashall","http://www.kenyans.co.ke/mashall"
"751","/masharifu","masharifu","http://www.kenyans.co.ke/masharifu"
"752","/master-piece","master piece","http://www.kenyans.co.ke/master-piece"
"753","/matt","matt","http://www.kenyans.co.ke/matt"
"754","/maureen-awuor","maureen awuor","http://www.kenyans.co.ke/maureen-awuor"
"755","/maureen-kunga","maureen kunga","http://www.kenyans.co.ke/maureen-kunga"
"756","/maximum-melodies","maximum melodies","http://www.kenyans.co.ke/maximum-melodies"
"757","/maxyn","maxyn","http://www.kenyans.co.ke/maxyn"
"758","/mayonde","mayonde","http://www.kenyans.co.ke/mayonde"
"759","/mboss","mboss","http://www.kenyans.co.ke/mboss"
"760","/mbuvi","mbuvi","http://www.kenyans.co.ke/mbuvi"
"761","/mc-elem","mc elem","http://www.kenyans.co.ke/mc-elem"
"762","/mc-fullstop","mc fullstop","http://www.kenyans.co.ke/mc-fullstop"
"763","/mc-lc","mc lc","http://www.kenyans.co.ke/mc-lc"
"764","/mc-rumaz","mc rumaz","http://www.kenyans.co.ke/mc-rumaz"
"765","/mc-skillz","mc skillz","http://www.kenyans.co.ke/mc-skillz"
"766","/mchafuzy","mchafuzy","http://www.kenyans.co.ke/mchafuzy"
"767","/mchizi-gaza","mchizi gaza","http://www.kenyans.co.ke/mchizi-gaza"
"768","/mcorry","mcorry","http://www.kenyans.co.ke/mcorry"
"769","/mejja","mejja","http://www.kenyans.co.ke/mejja"
"770","/melody","melody","http://www.kenyans.co.ke/melody"
"771","/melody-m-ndichu","melody m ndichu","http://www.kenyans.co.ke/melody-m-ndichu"
"772","/mendy","mendy","http://www.kenyans.co.ke/mendy"
"773","/mercy-myra","mercy myra","http://www.kenyans.co.ke/mercy-myra"
"774","/mercy-njoki","mercy njoki","http://www.kenyans.co.ke/mercy-njoki"
"775","/mercy-d-lai","mercy d lai","http://www.kenyans.co.ke/mercy-d-lai"
"776","/mercy-ken","mercy ken","http://www.kenyans.co.ke/mercy-ken"
"777","/mercy-masika","mercy masika","http://www.kenyans.co.ke/mercy-masika"
"778","/mercy-simiyu","mercy simiyu","http://www.kenyans.co.ke/mercy-simiyu"
"779","/mercy-wairegi","mercy wairegi","http://www.kenyans.co.ke/mercy-wairegi"
"780","/mercylinah","mercylinah","http://www.kenyans.co.ke/mercylinah"
"781","/mesel","mesel","http://www.kenyans.co.ke/mesel"
"782","/mesh","mesh","http://www.kenyans.co.ke/mesh"
"783","/mesh-man-soja","mesh man soja","http://www.kenyans.co.ke/mesh-man-soja"
"784","/michael-muoka","michael muoka","http://www.kenyans.co.ke/michael-muoka"
"785","/michael-mutuku","michael mutuku","http://www.kenyans.co.ke/michael-mutuku"
"786","/michael-yena","michael yena","http://www.kenyans.co.ke/michael-yena"
"787","/michelle","michelle","http://www.kenyans.co.ke/michelle"
"788","/mickie-j","mickie j","http://www.kenyans.co.ke/mickie-j"
"789","/miggy-champ","miggy champ","http://www.kenyans.co.ke/miggy-champ"
"790","/mike-rotich","mike rotich","http://www.kenyans.co.ke/mike-rotich"
"791","/militaryswaggteam","militaryswaggteam","http://www.kenyans.co.ke/militaryswaggteam"
"792","/milka-njambi","milka njambi","http://www.kenyans.co.ke/milka-njambi"
"793","/milkaz","milkaz","http://www.kenyans.co.ke/milkaz"
"794","/mimmo","mimmo","http://www.kenyans.co.ke/mimmo"
"795","/miracle","miracle","http://www.kenyans.co.ke/miracle"
"796","/mistake-ygb","mistake ygb","http://www.kenyans.co.ke/mistake-ygb"
"797","/mitema","mitema","http://www.kenyans.co.ke/mitema"
"798","/modix","modix","http://www.kenyans.co.ke/modix"
"799","/moji-shortbabaa","moji shortbabaa","http://www.kenyans.co.ke/moji-shortbabaa"
"800","/mojoh-blaq-spot","mojoh blaq spot","http://www.kenyans.co.ke/mojoh-blaq-spot"
"801","/molly-kemunto","molly kemunto","http://www.kenyans.co.ke/molly-kemunto"
"802","/mond-g","mond g","http://www.kenyans.co.ke/mond-g"
"803","/moodkai-asapa","moodkai asapa","http://www.kenyans.co.ke/moodkai-asapa"
"804","/morice-katee","morice katee","http://www.kenyans.co.ke/morice-katee"
"805","/moroko-kalahari","moroko kalahari","http://www.kenyans.co.ke/moroko-kalahari"
"806","/moses","moses","http://www.kenyans.co.ke/moses"
"807","/moses-sirgoi","moses sirgoi","http://www.kenyans.co.ke/moses-sirgoi"
"808","/moti-ice-beibe","moti ice beibe","http://www.kenyans.co.ke/moti-ice-beibe"
"809","/mozay","mozay","http://www.kenyans.co.ke/mozay"
"810","/mr-boo","mr boo","http://www.kenyans.co.ke/mr-boo"
"811","/mr-cross","mr cross","http://www.kenyans.co.ke/mr-cross"
"812","/mr-googz","mr googz","http://www.kenyans.co.ke/mr-googz"
"813","/mr-kev","mr kev","http://www.kenyans.co.ke/mr-kev"
"814","/mr-lee","mr lee","http://www.kenyans.co.ke/mr-lee"
"815","/mr-lenny","mr lenny","http://www.kenyans.co.ke/mr-lenny"
"816","/mr-ndilima","mr ndilima","http://www.kenyans.co.ke/mr-ndilima"
"817","/mr-raphimus","mr raphimus","http://www.kenyans.co.ke/mr-raphimus"
"818","/mr-ridox","mr ridox","http://www.kenyans.co.ke/mr-ridox"
"819","/mr-seed","mr seed","http://www.kenyans.co.ke/mr-seed"
"820","/mr-t","mr t","http://www.kenyans.co.ke/mr-t"
"821","/mr-vee","mr vee","http://www.kenyans.co.ke/mr-vee"
"822","/mr-votz","mr votz","http://www.kenyans.co.ke/mr-votz"
"823","/ms-okinda","ms okinda","http://www.kenyans.co.ke/ms-okinda"
"824","/mueni","mueni","http://www.kenyans.co.ke/mueni"
"825","/mugikuyu-254","mugikuyu 254","http://www.kenyans.co.ke/mugikuyu-254"
"826","/muigai-wa-njoroge","muigai wa njoroge","http://www.kenyans.co.ke/muigai-wa-njoroge"
"827","/muriuki-kagiri","muriuki kagiri","http://www.kenyans.co.ke/muriuki-kagiri"
"828","/musaimo","musaimo","http://www.kenyans.co.ke/musaimo"
"829","/muthoni-drummer-queen","muthoni drummer queen","http://www.kenyans.co.ke/muthoni-drummer-queen"
"830","/mwachari","mwachari","http://www.kenyans.co.ke/mwachari"
"831","/mwafreeka","mwafreeka","http://www.kenyans.co.ke/mwafreeka"
"832","/mwenyehaki","mwenyehaki","http://www.kenyans.co.ke/mwenyehaki"
"833","/mykie-toni","mykie toni","http://www.kenyans.co.ke/mykie-toni"
"834","/mylze-kristian","mylze kristian","http://www.kenyans.co.ke/mylze-kristian"
"835","/mzee-ngala","mzee ngala","http://www.kenyans.co.ke/mzee-ngala"
"836","/nadu","nadu","http://www.kenyans.co.ke/nadu"
"837","/nahna","nahna","http://www.kenyans.co.ke/nahna"
"838","/nameless","nameless","http://www.kenyans.co.ke/nameless"
"839","/nancy-chege","nancy chege","http://www.kenyans.co.ke/nancy-chege"
"840","/nancy-kiende","nancy kiende","http://www.kenyans.co.ke/nancy-kiende"
"841","/nancy-njeri","nancy njeri","http://www.kenyans.co.ke/nancy-njeri"
"842","/nancy-wanja","nancy wanja","http://www.kenyans.co.ke/nancy-wanja"
"843","/naomi","naomi","http://www.kenyans.co.ke/naomi"
"844","/naomi-james","naomi james","http://www.kenyans.co.ke/naomi-james"
"845","/naomi-maina","naomi maina","http://www.kenyans.co.ke/naomi-maina"
"846","/naomi-wamboe","naomi wamboe","http://www.kenyans.co.ke/naomi-wamboe"
"847","/naomie","naomie","http://www.kenyans.co.ke/naomie"
"848","/nasha","nasha","http://www.kenyans.co.ke/nasha"
"849","/nasty-bull","nasty bull","http://www.kenyans.co.ke/nasty-bull"
"850","/nasty-thomas","nasty thomas","http://www.kenyans.co.ke/nasty-thomas"
"851","/nazizi","nazizi","http://www.kenyans.co.ke/nazizi"
"852","/ndegz","ndegz","http://www.kenyans.co.ke/ndegz"
"853","/nebulazz","nebulazz","http://www.kenyans.co.ke/nebulazz"
"854","/necessary-noize","necessary noize","http://www.kenyans.co.ke/necessary-noize"
"855","/neema-ntalel","neema ntalel","http://www.kenyans.co.ke/neema-ntalel"
"856","/nellius","nellius","http://www.kenyans.co.ke/nellius"
"857","/nelly","nelly","http://www.kenyans.co.ke/nelly"
"858","/nelly-nemayian","nelly nemayian","http://www.kenyans.co.ke/nelly-nemayian"
"859","/nessa","nessa","http://www.kenyans.co.ke/nessa"
"860","/ngangalito","ngangalito","http://www.kenyans.co.ke/ngangalito"
"861","/ngash","ngash","http://www.kenyans.co.ke/ngash"
"862","/ngashville","ngashville","http://www.kenyans.co.ke/ngashville"
"863","/ngoni","ngoni","http://www.kenyans.co.ke/ngoni"
"864","/ngozi-nyeusi","ngozi nyeusi","http://www.kenyans.co.ke/ngozi-nyeusi"
"865","/nicah","nicah","http://www.kenyans.co.ke/nicah"
"866","/nicholas-harmonies","nicholas harmonies","http://www.kenyans.co.ke/nicholas-harmonies"
"867","/nick-dogg","nick dogg","http://www.kenyans.co.ke/nick-dogg"
"868","/nick-mutuma","nick mutuma","http://www.kenyans.co.ke/nick-mutuma"
"869","/nico","nico","http://www.kenyans.co.ke/nico"
"870","/nicole-slade","nicole slade","http://www.kenyans.co.ke/nicole-slade"
"871","/nikki","nikki","http://www.kenyans.co.ke/nikki"
"872","/nina-njoroge","nina njoroge","http://www.kenyans.co.ke/nina-njoroge"
"873","/njeri","njeri","http://www.kenyans.co.ke/njeri"
"874","/njoki-wa-wanjiru","njoki wa wanjiru","http://www.kenyans.co.ke/njoki-wa-wanjiru"
"875","/njoseh","njoseh","http://www.kenyans.co.ke/njoseh"
"876","/nonini","nonini","http://www.kenyans.co.ke/nonini"
"877","/noon-za-gift","noon za gift","http://www.kenyans.co.ke/noon-za-gift"
"878","/noti-flow","noti flow","http://www.kenyans.co.ke/noti-flow"
"879","/nova","nova","http://www.kenyans.co.ke/nova"
"880","/nyambura-nelson","nyambura nelson","http://www.kenyans.co.ke/nyambura-nelson"
"881","/nyashinski","nyashinski","http://www.kenyans.co.ke/nyashinski"
"882","/nyawawa","nyawawa","http://www.kenyans.co.ke/nyawawa"
"883","/nyota-ndogo","nyota ndogo","http://www.kenyans.co.ke/nyota-ndogo"
"884","/obbie","obbie","http://www.kenyans.co.ke/obbie"
"885","/obedee","obedee","http://www.kenyans.co.ke/obedee"
"886","/obinna","obinna","http://www.kenyans.co.ke/obinna"
"887","/octave-band","octave band","http://www.kenyans.co.ke/octave-band"
"888","/octopizzo","octopizzo","http://www.kenyans.co.ke/octopizzo"
"889","/odi","odi","http://www.kenyans.co.ke/odi"
"890","/ohzy","ohzy","http://www.kenyans.co.ke/ohzy"
"891","/okinyo-flory","okinyo flory","http://www.kenyans.co.ke/okinyo-flory"
"892","/oksyde","oksyde","http://www.kenyans.co.ke/oksyde"
"893","/ole-willie","ole willie","http://www.kenyans.co.ke/ole-willie"
"894","/opips","opips","http://www.kenyans.co.ke/opips"
"895","/orbit-village-home","orbit village home","http://www.kenyans.co.ke/orbit-village-home"
"896","/osogo-winyo","osogo winyo","http://www.kenyans.co.ke/osogo-winyo"
"897","/otieno-aloka","otieno aloka","http://www.kenyans.co.ke/otieno-aloka"
"898","/otile-brown","otile brown","http://www.kenyans.co.ke/otile-brown"
"899","/ottomatic","ottomatic","http://www.kenyans.co.ke/ottomatic"
"900","/ousmane","ousmane","http://www.kenyans.co.ke/ousmane"
"901","/owuor-arunga","owuor arunga","http://www.kenyans.co.ke/owuor-arunga"
"902","/p-nine","p nine","http://www.kenyans.co.ke/p-nine"
"903","/p-unit","p unit","http://www.kenyans.co.ke/p-unit"
"904","/pid","pid","http://www.kenyans.co.ke/pid"
"905","/pog","pog","http://www.kenyans.co.ke/pog"
"906","/pacific-banji","pacific banji","http://www.kenyans.co.ke/pacific-banji"
"907","/pam","pam","http://www.kenyans.co.ke/pam"
"908","/pamela-wandera","pamela wandera","http://www.kenyans.co.ke/pamela-wandera"
"909","/papa-dennis","papa dennis","http://www.kenyans.co.ke/papa-dennis"
"910","/papa-mugithi","papa mugithi","http://www.kenyans.co.ke/papa-mugithi"
"911","/paragasha","paragasha","http://www.kenyans.co.ke/paragasha"
"912","/pararo","pararo","http://www.kenyans.co.ke/pararo"
"913","/parroty","parroty","http://www.kenyans.co.ke/parroty"
"914","/pastor-anthony-musembi","pastor anthony musembi","http://www.kenyans.co.ke/pastor-anthony-musembi"
"915","/pastor-joan-wairimu","pastor joan wairimu","http://www.kenyans.co.ke/pastor-joan-wairimu"
"916","/pastor-kirui","pastor kirui","http://www.kenyans.co.ke/pastor-kirui"
"917","/pastor-rhymes","pastor rhymes","http://www.kenyans.co.ke/pastor-rhymes"
"918","/patiti","patiti","http://www.kenyans.co.ke/patiti"
"919","/patoh-njuguna","patoh njuguna","http://www.kenyans.co.ke/patoh-njuguna"
"920","/patonee","patonee","http://www.kenyans.co.ke/patonee"
"921","/patricia-kihoro","patricia kihoro","http://www.kenyans.co.ke/patricia-kihoro"
"922","/paul-kimz","paul kimz","http://www.kenyans.co.ke/paul-kimz"
"923","/paul-mwai","paul mwai","http://www.kenyans.co.ke/paul-mwai"
"924","/paul-oduor","paul oduor","http://www.kenyans.co.ke/paul-oduor"
"925","/pauline-k","pauline k","http://www.kenyans.co.ke/pauline-k"
"926","/pero","pero","http://www.kenyans.co.ke/pero"
"927","/peter-gitonga","peter gitonga","http://www.kenyans.co.ke/peter-gitonga"
"928","/peter-kamau","peter kamau","http://www.kenyans.co.ke/peter-kamau"
"929","/peter-rock","peter rock","http://www.kenyans.co.ke/peter-rock"
"930","/petra","petra","http://www.kenyans.co.ke/petra"
"931","/pheel-young-joe","pheel young joe","http://www.kenyans.co.ke/pheel-young-joe"
"932","/phil-b","phil b","http://www.kenyans.co.ke/phil-b"
"933","/philip-kimani","philip kimani","http://www.kenyans.co.ke/philip-kimani"
"934","/phobia-don","phobia don","http://www.kenyans.co.ke/phobia-don"
"935","/phonez","phonez","http://www.kenyans.co.ke/phonez"
"936","/phy","phy","http://www.kenyans.co.ke/phy"
"937","/phylis-nick","phylis nick","http://www.kenyans.co.ke/phylis-nick"
"938","/pilipili","pilipili","http://www.kenyans.co.ke/pilipili"
"939","/pitson","pitson","http://www.kenyans.co.ke/pitson"
"940","/pizo-dizo","pizo dizo","http://www.kenyans.co.ke/pizo-dizo"
"941","/plaz","plaz","http://www.kenyans.co.ke/plaz"
"942","/po-q-pine","po q pine","http://www.kenyans.co.ke/po-q-pine"
"943","/polycarp","polycarp","http://www.kenyans.co.ke/polycarp"
"944","/praise-makena","praise makena","http://www.kenyans.co.ke/praise-makena"
"945","/praize","praize","http://www.kenyans.co.ke/praize"
"946","/preety-chi","preety chi","http://www.kenyans.co.ke/preety-chi"
"947","/prezzo","prezzo","http://www.kenyans.co.ke/prezzo"
"948","/princess-farida","princess farida","http://www.kenyans.co.ke/princess-farida"
"949","/princess-jully","princess jully","http://www.kenyans.co.ke/princess-jully"
"950","/princess-monicah","princess monicah","http://www.kenyans.co.ke/princess-monicah"
"951","/priscah-onyango","priscah onyango","http://www.kenyans.co.ke/priscah-onyango"
"952","/private-wing","private wing","http://www.kenyans.co.ke/private-wing"
"953","/pro","pro","http://www.kenyans.co.ke/pro"
"954","/proff","proff","http://www.kenyans.co.ke/proff"
"955","/prudence","prudence","http://www.kenyans.co.ke/prudence"
"956","/psalms","psalms","http://www.kenyans.co.ke/psalms"
"957","/pst-jecy-john","pst jecy john","http://www.kenyans.co.ke/pst-jecy-john"
"958","/pst-joyce-mumeita","pst joyce mumeita","http://www.kenyans.co.ke/pst-joyce-mumeita"
"959","/pst-kibali","pst kibali","http://www.kenyans.co.ke/pst-kibali"
"960","/pst-pat-njoroge","pst pat njoroge","http://www.kenyans.co.ke/pst-pat-njoroge"
"961","/puloo-selekta","puloo selekta","http://www.kenyans.co.ke/puloo-selekta"
"962","/purity-kateiko","purity kateiko","http://www.kenyans.co.ke/purity-kateiko"
"963","/purity-muthoni","purity muthoni","http://www.kenyans.co.ke/purity-muthoni"
"964","/purity-sherry","purity sherry","http://www.kenyans.co.ke/purity-sherry"
"965","/q-tasi","q tasi","http://www.kenyans.co.ke/q-tasi"
"966","/queen-jane","queen jane","http://www.kenyans.co.ke/queen-jane"
"967","/queen-k","queen k","http://www.kenyans.co.ke/queen-k"
"968","/qui-gatheru","qui gatheru","http://www.kenyans.co.ke/qui-gatheru"
"969","/rachel-marete","rachel marete","http://www.kenyans.co.ke/rachel-marete"
"970","/rahab","rahab","http://www.kenyans.co.ke/rahab"
"971","/raj","raj","http://www.kenyans.co.ke/raj"
"972","/ram-g","ram g","http://www.kenyans.co.ke/ram-g"
"973","/rankaddah","rankaddah","http://www.kenyans.co.ke/rankaddah"
"974","/rapdamu","rapdamu","http://www.kenyans.co.ke/rapdamu"
"975","/raphlyn","raphlyn","http://www.kenyans.co.ke/raphlyn"
"976","/rapper-tn","rapper tn","http://www.kenyans.co.ke/rapper-tn"
"977","/raquel","raquel","http://www.kenyans.co.ke/raquel"
"978","/ratatat","ratatat","http://www.kenyans.co.ke/ratatat"
"979","/raudy","raudy","http://www.kenyans.co.ke/raudy"
"980","/ray-sharifu","ray sharifu","http://www.kenyans.co.ke/ray-sharifu"
"981","/raz","raz","http://www.kenyans.co.ke/raz"
"982","/real-c-tpk","real c tpk","http://www.kenyans.co.ke/real-c-tpk"
"983","/recapp","recapp","http://www.kenyans.co.ke/recapp"
"984","/redemption","redemption","http://www.kenyans.co.ke/redemption"
"985","/redpen","redpen","http://www.kenyans.co.ke/redpen"
"986","/redsan","redsan","http://www.kenyans.co.ke/redsan"
"987","/redykyulass","redykyulass","http://www.kenyans.co.ke/redykyulass"
"988","/regina-muthoga","regina muthoga","http://www.kenyans.co.ke/regina-muthoga"
"989","/reina","reina","http://www.kenyans.co.ke/reina"
"990","/rekindle-band","rekindle band","http://www.kenyans.co.ke/rekindle-band"
"991","/renee","renee","http://www.kenyans.co.ke/renee"
"992","/reneee","reneee","http://www.kenyans.co.ke/reneee"
"993","/renney","renney","http://www.kenyans.co.ke/renney"
"994","/renney-blazer","renney blazer","http://www.kenyans.co.ke/renney-blazer"
"995","/rev-kathy-kiuna","rev kathy kiuna","http://www.kenyans.co.ke/rev-kathy-kiuna"
"996","/rex","rex","http://www.kenyans.co.ke/rex"
"997","/rhaptaz","rhaptaz","http://www.kenyans.co.ke/rhaptaz"
"998","/richie-g","richie g","http://www.kenyans.co.ke/richie-g"
"999","/ridik","ridik","http://www.kenyans.co.ke/ridik"
"1000","/rigga","rigga","http://www.kenyans.co.ke/rigga"
"1001","/ringstar","ringstar","http://www.kenyans.co.ke/ringstar"
"1002","/ringtone","ringtone","http://www.kenyans.co.ke/ringtone"
"1003","/riziki","riziki","http://www.kenyans.co.ke/riziki"
"1004","/roba","roba","http://www.kenyans.co.ke/roba"
"1005","/rojo-mo","rojo mo","http://www.kenyans.co.ke/rojo-mo"
"1006","/rosa","rosa","http://www.kenyans.co.ke/rosa"
"1007","/rose-gitonga","rose gitonga","http://www.kenyans.co.ke/rose-gitonga"
"1008","/rose-jeffa","rose jeffa","http://www.kenyans.co.ke/rose-jeffa"
"1009","/rose-wachira","rose wachira","http://www.kenyans.co.ke/rose-wachira"
"1010","/roso","roso","http://www.kenyans.co.ke/roso"
"1011","/rosy-ohon","rosy ohon","http://www.kenyans.co.ke/rosy-ohon"
"1012","/rowney-peters","rowney peters","http://www.kenyans.co.ke/rowney-peters"
"1013","/roy-captain","roy captain","http://www.kenyans.co.ke/roy-captain"
"1014","/royal-phonce","royal phonce","http://www.kenyans.co.ke/royal-phonce"
"1015","/rozina","rozina","http://www.kenyans.co.ke/rozina"
"1016","/rozy-g","rozy g","http://www.kenyans.co.ke/rozy-g"
"1017","/ru","ru","http://www.kenyans.co.ke/ru"
"1018","/ruff","ruff","http://www.kenyans.co.ke/ruff"
"1019","/rufftone","rufftone","http://www.kenyans.co.ke/rufftone"
"1020","/ruri-sambili","ruri sambili","http://www.kenyans.co.ke/ruri-sambili"
"1021","/ruth-matete","ruth matete","http://www.kenyans.co.ke/ruth-matete"
"1022","/ruth-wamuyu","ruth wamuyu","http://www.kenyans.co.ke/ruth-wamuyu"
"1023","/soc","soc","http://www.kenyans.co.ke/soc"
"1024","/safari-sound-band","safari sound band","http://www.kenyans.co.ke/safari-sound-band"
"1025","/sage","sage","http://www.kenyans.co.ke/sage"
"1026","/sagodizo","sagodizo","http://www.kenyans.co.ke/sagodizo"
"1027","/saint-p","saint p","http://www.kenyans.co.ke/saint-p"
"1028","/saint-stevoh","saint stevoh","http://www.kenyans.co.ke/saint-stevoh"
"1029","/saiz-2-biggy","saiz 2 biggy","http://www.kenyans.co.ke/saiz-2-biggy"
"1030","/salim","salim","http://www.kenyans.co.ke/salim"
"1031","/salim-junior","salim junior","http://www.kenyans.co.ke/salim-junior"
"1032","/sally","sally","http://www.kenyans.co.ke/sally"
"1033","/sam-c","sam c","http://www.kenyans.co.ke/sam-c"
"1034","/sam-musya","sam musya","http://www.kenyans.co.ke/sam-musya"
"1035","/sam-wakiambo","sam wakiambo","http://www.kenyans.co.ke/sam-wakiambo"
"1036","/samaritan-flani","samaritan flani","http://www.kenyans.co.ke/samaritan-flani"
"1037","/samawati-band","samawati band","http://www.kenyans.co.ke/samawati-band"
"1038","/sammy-baraka","sammy baraka","http://www.kenyans.co.ke/sammy-baraka"
"1039","/sammy-brayo","sammy brayo","http://www.kenyans.co.ke/sammy-brayo"
"1040","/sammy-dee","sammy dee","http://www.kenyans.co.ke/sammy-dee"
"1041","/sammy-irungu","sammy irungu","http://www.kenyans.co.ke/sammy-irungu"
"1042","/sammy-muraya","sammy muraya","http://www.kenyans.co.ke/sammy-muraya"
"1043","/sammy-muraya-junior","sammy muraya junior","http://www.kenyans.co.ke/sammy-muraya-junior"
"1044","/sammy-star","sammy star","http://www.kenyans.co.ke/sammy-star"
"1045","/samora","samora","http://www.kenyans.co.ke/samora"
"1046","/samson-adaje","samson adaje","http://www.kenyans.co.ke/samson-adaje"
"1047","/samukat","samukat","http://www.kenyans.co.ke/samukat"
"1048","/sanabi-son-tpk","sanabi son tpk","http://www.kenyans.co.ke/sanabi-son-tpk"
"1049","/sanaipei","sanaipei","http://www.kenyans.co.ke/sanaipei"
"1050","/sanii","sanii","http://www.kenyans.co.ke/sanii"
"1051","/sanka","sanka","http://www.kenyans.co.ke/sanka"
"1052","/sara-mitaru","sara mitaru","http://www.kenyans.co.ke/sara-mitaru"
"1053","/sarah-k","sarah k","http://www.kenyans.co.ke/sarah-k"
"1054","/sarah-mbogo","sarah mbogo","http://www.kenyans.co.ke/sarah-mbogo"
"1055","/sarah-mirie","sarah mirie","http://www.kenyans.co.ke/sarah-mirie"
"1056","/sarah-mwangi","sarah mwangi","http://www.kenyans.co.ke/sarah-mwangi"
"1057","/sarah-n","sarah n","http://www.kenyans.co.ke/sarah-n"
"1058","/sarakasi-dancers","sarakasi dancers","http://www.kenyans.co.ke/sarakasi-dancers"
"1059","/sati","sati","http://www.kenyans.co.ke/sati"
"1060","/sautisol","sautisol","http://www.kenyans.co.ke/sautisol"
"1061","/savatia","savatia","http://www.kenyans.co.ke/savatia"
"1062","/scally-musiq","scally musiq","http://www.kenyans.co.ke/scally-musiq"
"1063","/scooby","scooby","http://www.kenyans.co.ke/scooby"
"1064","/sema","sema","http://www.kenyans.co.ke/sema"
"1065","/serah-sarah","serah sarah","http://www.kenyans.co.ke/serah-sarah"
"1066","/sereya","sereya","http://www.kenyans.co.ke/sereya"
"1067","/seroney","seroney","http://www.kenyans.co.ke/seroney"
"1068","/shaa","shaa","http://www.kenyans.co.ke/shaa"
"1069","/shaky","shaky","http://www.kenyans.co.ke/shaky"
"1070","/shamir","shamir","http://www.kenyans.co.ke/shamir"
"1071","/shammah","shammah","http://www.kenyans.co.ke/shammah"
"1072","/shamz","shamz","http://www.kenyans.co.ke/shamz"
"1073","/shandie","shandie","http://www.kenyans.co.ke/shandie"
"1074","/shane","shane","http://www.kenyans.co.ke/shane"
"1075","/shappaman","shappaman","http://www.kenyans.co.ke/shappaman"
"1076","/shaqilla","shaqilla","http://www.kenyans.co.ke/shaqilla"
"1077","/sharama","sharama","http://www.kenyans.co.ke/sharama"
"1078","/sharks","sharks","http://www.kenyans.co.ke/sharks"
"1079","/sharon","sharon","http://www.kenyans.co.ke/sharon"
"1080","/shawawa","shawawa","http://www.kenyans.co.ke/shawawa"
"1081","/she-lah","she lah","http://www.kenyans.co.ke/she-lah"
"1082","/sheena","sheena","http://www.kenyans.co.ke/sheena"
"1083","/sheikah","sheikah","http://www.kenyans.co.ke/sheikah"
"1084","/sheila","sheila","http://www.kenyans.co.ke/sheila"
"1085","/sheila-cherotio","sheila cherotio","http://www.kenyans.co.ke/sheila-cherotio"
"1086","/shellykings","shellykings","http://www.kenyans.co.ke/shellykings"
"1087","/shem","shem","http://www.kenyans.co.ke/shem"
"1088","/shepherd","shepherd","http://www.kenyans.co.ke/shepherd"
"1089","/sherin-njeri","sherin njeri","http://www.kenyans.co.ke/sherin-njeri"
"1090","/sherry-pam","sherry pam","http://www.kenyans.co.ke/sherry-pam"
"1091","/sherry-uwase","sherry uwase","http://www.kenyans.co.ke/sherry-uwase"
"1092","/shiko","shiko","http://www.kenyans.co.ke/shiko"
"1093","/shiku","shiku","http://www.kenyans.co.ke/shiku"
"1094","/shiku-kenya","shiku kenya","http://www.kenyans.co.ke/shiku-kenya"
"1095","/shinde","shinde","http://www.kenyans.co.ke/shinde"
"1096","/shinel-wanja","shinel wanja","http://www.kenyans.co.ke/shinel-wanja"
"1097","/shirko","shirko","http://www.kenyans.co.ke/shirko"
"1098","/shiro-wa-gp","shiro wa gp","http://www.kenyans.co.ke/shiro-wa-gp"
"1099","/shiru-stuart","shiru stuart","http://www.kenyans.co.ke/shiru-stuart"
"1100","/shourtie","shourtie","http://www.kenyans.co.ke/shourtie"
"1101","/shukid","shukid","http://www.kenyans.co.ke/shukid"
"1102","/signature","signature","http://www.kenyans.co.ke/signature"
"1103","/silas","silas","http://www.kenyans.co.ke/silas"
"1104","/silk","silk","http://www.kenyans.co.ke/silk"
"1105","/simbo-owade","simbo owade","http://www.kenyans.co.ke/simbo-owade"
"1106","/simon-sims","simon sims","http://www.kenyans.co.ke/simon-sims"
"1107","/singa-babz","singa babz","http://www.kenyans.co.ke/singa-babz"
"1108","/sironka","sironka","http://www.kenyans.co.ke/sironka"
"1109","/sis-p","sis p","http://www.kenyans.co.ke/sis-p"
"1110","/siso","siso","http://www.kenyans.co.ke/siso"
"1111","/size-8","size 8","http://www.kenyans.co.ke/size-8"
"1112","/sk-blue","sk blue","http://www.kenyans.co.ke/sk-blue"
"1113","/skizza","skizza","http://www.kenyans.co.ke/skizza"
"1114","/slay-z","slay z","http://www.kenyans.co.ke/slay-z"
"1115","/slejj","slejj","http://www.kenyans.co.ke/slejj"
"1116","/slim-jack","slim jack","http://www.kenyans.co.ke/slim-jack"
"1117","/slumdeezy-sv","slumdeezy sv","http://www.kenyans.co.ke/slumdeezy-sv"
"1118","/slumnvirus","slumnvirus","http://www.kenyans.co.ke/slumnvirus"
"1119","/smallz-lethal","smallz lethal","http://www.kenyans.co.ke/smallz-lethal"
"1120","/snaida","snaida","http://www.kenyans.co.ke/snaida"
"1121","/solomon-mkubwa","solomon mkubwa","http://www.kenyans.co.ke/solomon-mkubwa"
"1122","/solow-jemedare","solow jemedare","http://www.kenyans.co.ke/solow-jemedare"
"1123","/sonia","sonia","http://www.kenyans.co.ke/sonia"
"1124","/sonie-m","sonie m","http://www.kenyans.co.ke/sonie-m"
"1125","/sonko-boy","sonko boy","http://www.kenyans.co.ke/sonko-boy"
"1126","/sos-p","sos p","http://www.kenyans.co.ke/sos-p"
"1127","/sosuun","sosuun","http://www.kenyans.co.ke/sosuun"
"1128","/span-one","span one","http://www.kenyans.co.ke/span-one"
"1129","/specta","specta","http://www.kenyans.co.ke/specta"
"1130","/st-dan","st dan","http://www.kenyans.co.ke/st-dan"
"1131","/st-matthew","st matthew","http://www.kenyans.co.ke/st-matthew"
"1132","/starbiz","starbiz","http://www.kenyans.co.ke/starbiz"
"1133","/stella-maina","stella maina","http://www.kenyans.co.ke/stella-maina"
"1134","/stema-g","stema g","http://www.kenyans.co.ke/stema-g"
"1135","/stephen-kasolo","stephen kasolo","http://www.kenyans.co.ke/stephen-kasolo"
"1136","/stephen-leken","stephen leken","http://www.kenyans.co.ke/stephen-leken"
"1137","/stereo-heros","stereo heros","http://www.kenyans.co.ke/stereo-heros"
"1138","/steve-homes","steve homes","http://www.kenyans.co.ke/steve-homes"
"1139","/steve-omollo","steve omollo","http://www.kenyans.co.ke/steve-omollo"
"1140","/steven-urban","steven urban","http://www.kenyans.co.ke/steven-urban"
"1141","/stl","stl","http://www.kenyans.co.ke/stl"
"1142","/stranger","stranger","http://www.kenyans.co.ke/stranger"
"1143","/street-bullets","street bullets","http://www.kenyans.co.ke/street-bullets"
"1144","/subembe","subembe","http://www.kenyans.co.ke/subembe"
"1145","/sudi-boy","sudi boy","http://www.kenyans.co.ke/sudi-boy"
"1146","/sue","sue","http://www.kenyans.co.ke/sue"
"1147","/sugar","sugar","http://www.kenyans.co.ke/sugar"
"1148","/sultan-wa-pwani","sultan wa pwani","http://www.kenyans.co.ke/sultan-wa-pwani"
"1149","/sunshine","sunshine","http://www.kenyans.co.ke/sunshine"
"1150","/supa","supa","http://www.kenyans.co.ke/supa"
"1151","/super-concaves","super concaves","http://www.kenyans.co.ke/super-concaves"
"1152","/susan","susan","http://www.kenyans.co.ke/susan"
"1153","/susumila","susumila","http://www.kenyans.co.ke/susumila"
"1154","/suzanna-owiyo","suzanna owiyo","http://www.kenyans.co.ke/suzanna-owiyo"
"1155","/swahib","swahib","http://www.kenyans.co.ke/swahib"
"1156","/sweet-boy","sweet boy","http://www.kenyans.co.ke/sweet-boy"
"1157","/sweet-k","sweet k","http://www.kenyans.co.ke/sweet-k"
"1158","/syd","syd","http://www.kenyans.co.ke/syd"
"1159","/sylvia","sylvia","http://www.kenyans.co.ke/sylvia"
"1160","/sylvia-agani","sylvia agani","http://www.kenyans.co.ke/sylvia-agani"
"1161","/sylvia-safari","sylvia safari","http://www.kenyans.co.ke/sylvia-safari"
"1162","/t-kay","t kay","http://www.kenyans.co.ke/t-kay"
"1163","/thhg","thhg","http://www.kenyans.co.ke/thhg"
"1164","/tabby-chacha","tabby chacha","http://www.kenyans.co.ke/tabby-chacha"
"1165","/tahilla","tahilla","http://www.kenyans.co.ke/tahilla"
"1166","/taji","taji","http://www.kenyans.co.ke/taji"
"1167","/talia","talia","http://www.kenyans.co.ke/talia"
"1168","/tapelli","tapelli","http://www.kenyans.co.ke/tapelli"
"1169","/tattuu","tattuu","http://www.kenyans.co.ke/tattuu"
"1170","/taurus","taurus","http://www.kenyans.co.ke/taurus"
"1171","/tbroz","tbroz","http://www.kenyans.co.ke/tbroz"
"1172","/ted","ted","http://www.kenyans.co.ke/ted"
"1173","/teddy-b","teddy b","http://www.kenyans.co.ke/teddy-b"
"1174","/teejay-singer","teejay singer","http://www.kenyans.co.ke/teejay-singer"
"1175","/tequila","tequila","http://www.kenyans.co.ke/tequila"
"1176","/tetete","tetete","http://www.kenyans.co.ke/tetete"
"1177","/p31-project","p31 project","http://www.kenyans.co.ke/p31-project"
"1178","/thee-mc-africa","thee mc africa","http://www.kenyans.co.ke/thee-mc-africa"
"1179","/tiera-gee","tiera gee","http://www.kenyans.co.ke/tiera-gee"
"1180","/tim-rimbui","tim rimbui","http://www.kenyans.co.ke/tim-rimbui"
"1181","/timmy","timmy","http://www.kenyans.co.ke/timmy"
"1182","/timmy-tim","timmy tim","http://www.kenyans.co.ke/timmy-tim"
"1183","/timona-mburu","timona mburu","http://www.kenyans.co.ke/timona-mburu"
"1184","/timothy-kitui","timothy kitui","http://www.kenyans.co.ke/timothy-kitui"
"1185","/tina-kuto","tina kuto","http://www.kenyans.co.ke/tina-kuto"
"1186","/tina-m","tina m","http://www.kenyans.co.ke/tina-m"
"1187","/tiri","tiri","http://www.kenyans.co.ke/tiri"
"1188","/tishko","tishko","http://www.kenyans.co.ke/tishko"
"1189","/tiziana","tiziana","http://www.kenyans.co.ke/tiziana"
"1190","/tom-chacha","tom chacha","http://www.kenyans.co.ke/tom-chacha"
"1191","/tonnie-steezy","tonnie steezy","http://www.kenyans.co.ke/tonnie-steezy"
"1192","/tony-nyadundo","tony nyadundo","http://www.kenyans.co.ke/tony-nyadundo"
"1193","/tosh","tosh","http://www.kenyans.co.ke/tosh"
"1194","/toshi","toshi","http://www.kenyans.co.ke/toshi"
"1195","/toti","toti","http://www.kenyans.co.ke/toti"
"1196","/totti-0","totti 0","http://www.kenyans.co.ke/totti-0"
"1197","/towett","towett","http://www.kenyans.co.ke/towett"
"1198","/tpksons","tpksons","http://www.kenyans.co.ke/tpksons"
"1199","/trapee","trapee","http://www.kenyans.co.ke/trapee"
"1200","/trey-b","trey b","http://www.kenyans.co.ke/trey-b"
"1201","/trigga","trigga","http://www.kenyans.co.ke/trigga"
"1202","/trigga-vkp-mb","trigga vkp mb","http://www.kenyans.co.ke/trigga-vkp-mb"
"1203","/trivad","trivad","http://www.kenyans.co.ke/trivad"
"1204","/twakutukuza-choir","twakutukuza choir","http://www.kenyans.co.ke/twakutukuza-choir"
"1205","/twelve","twelve","http://www.kenyans.co.ke/twelve"
"1206","/twenty-2","twenty 2","http://www.kenyans.co.ke/twenty-2"
"1207","/tybe","tybe","http://www.kenyans.co.ke/tybe"
"1208","/ub","ub","http://www.kenyans.co.ke/ub"
"1209","/ugn","ugn","http://www.kenyans.co.ke/ugn"
"1210","/ujoc","ujoc","http://www.kenyans.co.ke/ujoc"
"1211","/ukoo-flani-maumau","ukoo flani maumau","http://www.kenyans.co.ke/ukoo-flani-maumau"
"1212","/ulopa","ulopa","http://www.kenyans.co.ke/ulopa"
"1213","/uncle-mike","uncle mike","http://www.kenyans.co.ke/uncle-mike"
"1214","/ushur","ushur","http://www.kenyans.co.ke/ushur"
"1215","/various-artists","various artists","http://www.kenyans.co.ke/various-artists"
"1216","/vbo","vbo","http://www.kenyans.co.ke/vbo"
"1217","/vee-eye-cee","vee eye cee","http://www.kenyans.co.ke/vee-eye-cee"
"1218","/vemba","vemba","http://www.kenyans.co.ke/vemba"
"1219","/venrick","venrick","http://www.kenyans.co.ke/venrick"
"1220","/verbal","verbal","http://www.kenyans.co.ke/verbal"
"1221","/versatile","versatile","http://www.kenyans.co.ke/versatile"
"1222","/vichwani","vichwani","http://www.kenyans.co.ke/vichwani"
"1223","/vicky","vicky","http://www.kenyans.co.ke/vicky"
"1224","/vicky-kitonga","vicky kitonga","http://www.kenyans.co.ke/vicky-kitonga"
"1225","/vicky-pon-dis","vicky pon dis","http://www.kenyans.co.ke/vicky-pon-dis"
"1226","/victoria-kimani","victoria kimani","http://www.kenyans.co.ke/victoria-kimani"
"1227","/vinnie-banton","vinnie banton","http://www.kenyans.co.ke/vinnie-banton"
"1228","/vinta-smoullz","vinta smoullz","http://www.kenyans.co.ke/vinta-smoullz"
"1229","/viola-karuri","viola karuri","http://www.kenyans.co.ke/viola-karuri"
"1230","/virginia-moses","virginia moses","http://www.kenyans.co.ke/virginia-moses"
"1231","/virtues","virtues","http://www.kenyans.co.ke/virtues"
"1232","/virus","virus","http://www.kenyans.co.ke/virus"
"1233","/visita","visita","http://www.kenyans.co.ke/visita"
"1234","/vita-blue","vita blue","http://www.kenyans.co.ke/vita-blue"
"1235","/vivianne","vivianne","http://www.kenyans.co.ke/vivianne"
"1236","/vivie","vivie","http://www.kenyans.co.ke/vivie"
"1237","/vivonce","vivonce","http://www.kenyans.co.ke/vivonce"
"1238","/vkp","vkp","http://www.kenyans.co.ke/vkp"
"1239","/vokkeh","vokkeh","http://www.kenyans.co.ke/vokkeh"
"1240","/vuusya-ungu","vuusya ungu","http://www.kenyans.co.ke/vuusya-ungu"
"1241","/wabi","wabi","http://www.kenyans.co.ke/wabi"
"1242","/wahu","wahu","http://www.kenyans.co.ke/wahu"
"1243","/wahu-mbugua","wahu mbugua","http://www.kenyans.co.ke/wahu-mbugua"
"1244","/wakamba-wawili","wakamba wawili","http://www.kenyans.co.ke/wakamba-wawili"
"1245","/wakurugenzi","wakurugenzi","http://www.kenyans.co.ke/wakurugenzi"
"1246","/walanguzi","walanguzi","http://www.kenyans.co.ke/walanguzi"
"1247","/wallace","wallace","http://www.kenyans.co.ke/wallace"
"1248","/wally-b","wally b","http://www.kenyans.co.ke/wally-b"
"1249","/walman","walman","http://www.kenyans.co.ke/walman"
"1250","/wambui-ngugi","wambui ngugi","http://www.kenyans.co.ke/wambui-ngugi"
"1251","/wandera","wandera","http://www.kenyans.co.ke/wandera"
"1252","/wangechi","wangechi","http://www.kenyans.co.ke/wangechi"
"1253","/wangeci-kariuki","wangeci kariuki","http://www.kenyans.co.ke/wangeci-kariuki"
"1254","/wangeci-mbogo","wangeci mbogo","http://www.kenyans.co.ke/wangeci-mbogo"
"1255","/wangoes","wangoes","http://www.kenyans.co.ke/wangoes"
"1256","/wanja-wahoro","wanja wahoro","http://www.kenyans.co.ke/wanja-wahoro"
"1257","/wasojali-band","wasojali band","http://www.kenyans.co.ke/wasojali-band"
"1258","/waweru-karanja","waweru karanja","http://www.kenyans.co.ke/waweru-karanja"
"1259","/wayfarer","wayfarer","http://www.kenyans.co.ke/wayfarer"
"1260","/wazee-wa-mji","wazee wa mji","http://www.kenyans.co.ke/wazee-wa-mji"
"1261","/waziry","waziry","http://www.kenyans.co.ke/waziry"
"1262","/webi","webi","http://www.kenyans.co.ke/webi"
"1263","/webuye-jua-kali-band","webuye jua kali band","http://www.kenyans.co.ke/webuye-jua-kali-band"
"1264","/weezdom","weezdom","http://www.kenyans.co.ke/weezdom"
"1265","/wendy","wendy","http://www.kenyans.co.ke/wendy"
"1266","/wendy-kimani","wendy kimani","http://www.kenyans.co.ke/wendy-kimani"
"1267","/wernono-family","wernono family","http://www.kenyans.co.ke/wernono-family"
"1268","/wilberforce-musyoka","wilberforce musyoka","http://www.kenyans.co.ke/wilberforce-musyoka"
"1269","/willie-mwiti","willie mwiti","http://www.kenyans.co.ke/willie-mwiti"
"1270","/willy","willy","http://www.kenyans.co.ke/willy"
"1271","/willy-gee","willy gee","http://www.kenyans.co.ke/willy-gee"
"1272","/willy-j","willy j","http://www.kenyans.co.ke/willy-j"
"1273","/willy-paul","willy paul","http://www.kenyans.co.ke/willy-paul"
"1274","/winky-daily","winky daily","http://www.kenyans.co.ke/winky-daily"
"1275","/winnie-chris","winnie chris","http://www.kenyans.co.ke/winnie-chris"
"1276","/winnie-nzuki","winnie nzuki","http://www.kenyans.co.ke/winnie-nzuki"
"1277","/winrose-chepkorir","winrose chepkorir","http://www.kenyans.co.ke/winrose-chepkorir"
"1278","/witty-mayne","witty mayne","http://www.kenyans.co.ke/witty-mayne"
"1279","/wiwy","wiwy","http://www.kenyans.co.ke/wiwy"
"1280","/wynas","wynas","http://www.kenyans.co.ke/wynas"
"1281","/wyre","wyre","http://www.kenyans.co.ke/wyre"
"1282","/xpat-mkwanja","xpat mkwanja","http://www.kenyans.co.ke/xpat-mkwanja"
"1283","/xtatic","xtatic","http://www.kenyans.co.ke/xtatic"
"1284","/xyz","xyz","http://www.kenyans.co.ke/xyz"
"1285","/yabadoo","yabadoo","http://www.kenyans.co.ke/yabadoo"
"1286","/yello-b","yello b","http://www.kenyans.co.ke/yello-b"
"1287","/young-king","young king","http://www.kenyans.co.ke/young-king"
"1288","/young-morgan","young morgan","http://www.kenyans.co.ke/young-morgan"
"1289","/ythera","ythera","http://www.kenyans.co.ke/ythera"
"1290","/yunasi","yunasi","http://www.kenyans.co.ke/yunasi"
"1291","/yupi","yupi","http://www.kenyans.co.ke/yupi"
"1292","/yvonne-darcq","yvonne darcq","http://www.kenyans.co.ke/yvonne-darcq"
"1293","/zak-mtumishi","zak mtumishi","http://www.kenyans.co.ke/zak-mtumishi"
"1294","/zakah","zakah","http://www.kenyans.co.ke/zakah"
"1295","/zangi","zangi","http://www.kenyans.co.ke/zangi"
"1296","/zedie-man","zedie man","http://www.kenyans.co.ke/zedie-man"
"1297","/zikki-kenya","zikki kenya","http://www.kenyans.co.ke/zikki-kenya"
"1298","/zinno-boy","zinno boy","http://www.kenyans.co.ke/zinno-boy"
"1299","/zoe","zoe","http://www.kenyans.co.ke/zoe"
"1300","/zonda","zonda","http://www.kenyans.co.ke/zonda"
